product_id,price,sales_quantity,inventory,date
PRD93767,242488.76,57,792,2024-07-31 13:00:00
PRD16410,6094.81,66,303,2024-06-21 21:00:00
PRD16251,35207.18,61,456,2024-09-15 09:00:00
PRD26157,157545.96,65,853,2024-02-16 13:00:00
PRD69628,272285.32,57,894,2024-09-02 01:00:00
PRD50075,335685.93,57,952,2024-02-20 20:00:00
PRD54033,190002.69,63,767,2024-08-24 11:00:00
PRD24844,216373.5,55,487,2024-06-25 03:00:00
PRD70795,176350.3,43,90,2024-05-12 11:00:00
PRD69953,165771.73,64,809,2024-07-27 05:00:00
PRD41285,401769.71,40,428,2024-09-20 15:00:00
PRD10216,407175.79,34,425,2024-03-25 10:00:00
PRD65628,361350.31,56,843,2024-09-18 15:00:00
PRD14753,59871.61,59,442,2024-08-29 08:00:00
PRD73672,160225.73,63,714,2024-05-17 11:00:00
PRD73697,245914.96,36,118,2024-08-01 17:00:00
PRD60639,426184.71,49,829,2024-03-20 11:00:00
PRD54253,216127.1,52,566,2024-10-02 11:00:00
PRD13230,10644.02,77,788,2024-04-24 20:00:00
PRD11818,222636.01,55,683,2024-04-27 06:00:00
PRD16329,444061.01,46,794,2024-07-06 10:00:00
PRD63678,332381.07,38,173,2024-07-29 08:00:00
PRD81447,49086.01,75,669,2024-07-25 10:00:00
PRD42328,327537.31,44,363,2024-04-17 11:00:00
PRD94350,80770.25,78,985,2024-08-22 15:00:00
PRD49680,76363.93,57,170,2024-05-04 03:00:00
PRD42459,32132.08,62,362,2024-08-19 17:00:00
PRD22647,344456.64,47,645,2024-01-24 14:00:00
PRD41216,277681.7,39,98,2024-07-15 18:00:00
PRD52944,40881.76,73,863,2024-09-16 12:00:00
PRD54363,303925.81,44,432,2024-05-21 18:00:00
PRD81262,470105.61,25,303,2024-03-21 00:00:00
PRD45387,124843.08,65,585,2024-03-20 00:00:00
PRD27450,147063.96,52,254,2024-08-01 16:00:00
PRD84189,102954.2,68,685,2024-01-24 14:00:00
PRD22971,65874.64,70,781,2024-02-17 06:00:00
PRD47329,267154.35,59,748,2024-04-19 01:00:00
PRD95770,32362.56,61,291,2024-07-10 11:00:00
PRD45997,413993.47,37,548,2024-03-06 01:00:00
PRD16304,127634.59,61,619,2024-01-24 06:00:00
PRD75990,203357.74,63,789,2024-03-11 19:00:00
PRD16320,145341.51,57,385,2024-08-03 21:00:00
PRD81839,232967.26,47,282,2024-09-27 10:00:00
PRD62774,7864.41,72,474,2024-06-24 02:00:00
PRD14912,398879.07,24,44,2024-06-16 10:00:00
PRD90878,386549.52,38,318,2024-04-08 03:00:00
PRD72610,115090.7,66,782,2024-04-16 09:00:00
PRD80742,205417.74,42,126,2024-09-04 06:00:00
PRD25850,327362.22,60,924,2024-10-15 02:00:00
PRD59091,150190.99,62,508,2024-08-05 04:00:00
PRD54802,72937.09,61,374,2024-02-26 20:00:00
PRD31697,22382.75,61,181,2024-08-29 00:00:00
PRD12366,223756.96,50,434,2024-09-28 07:00:00
PRD22814,12549.6,67,356,2024-02-18 03:00:00
PRD99631,71108.15,65,674,2024-06-09 17:00:00
PRD21421,238084.97,55,668,2024-10-19 13:00:00
PRD28525,104395.75,63,680,2024-07-30 12:00:00
PRD95917,166115.59,67,921,2024-03-03 02:00:00
PRD68183,515838.23,34,494,2024-09-26 07:00:00
PRD59103,88992.77,52,95,2024-04-14 03:00:00
PRD66515,70722.15,65,439,2024-08-17 05:00:00
PRD55932,57141.86,65,645,2024-09-26 20:00:00
PRD75406,229464.38,44,304,2024-07-02 00:00:00
PRD33307,384034.25,35,202,2024-09-20 17:00:00
PRD51900,460435.31,48,970,2024-01-21 14:00:00
PRD17341,367937.4,46,763,2024-06-27 00:00:00
PRD78804,188767.47,71,944,2024-02-07 11:00:00
PRD45065,530298.1,36,659,2024-06-09 04:00:00
PRD32166,350126.91,34,224,2024-08-05 15:00:00
PRD17234,424910.42,27,48,2024-07-04 18:00:00
PRD54197,378575.24,23,10,2024-08-22 15:00:00
PRD66695,364615.05,53,978,2024-07-26 18:00:00
PRD76241,551074.0,39,759,2024-04-25 01:00:00
PRD34901,140986.52,44,156,2024-02-24 02:00:00
PRD56635,293455.2,34,145,2024-04-29 10:00:00
PRD45422,336010.66,36,335,2024-04-21 07:00:00
PRD62588,513477.2,36,811,2024-08-09 10:00:00
PRD64210,55605.71,74,780,2024-03-14 23:00:00
PRD79847,35127.77,61,346,2024-01-30 17:00:00
PRD89466,49874.87,68,466,2024-06-10 12:00:00
PRD34466,448730.69,39,726,2024-05-09 07:00:00
PRD56359,439551.48,38,670,2024-08-30 08:00:00
PRD33180,494226.89,23,175,2024-10-15 08:00:00
PRD84023,358309.78,36,249,2024-07-03 11:00:00
PRD86369,143361.88,57,480,2024-02-04 03:00:00
PRD37601,143213.2,71,783,2024-09-11 03:00:00
PRD45622,5613.75,79,733,2024-07-03 19:00:00
PRD89642,217143.96,49,225,2024-08-03 06:00:00
PRD13169,63305.6,69,734,2024-02-25 06:00:00
PRD69303,87242.8,54,138,2024-07-06 17:00:00
PRD73322,249442.42,37,168,2024-05-09 13:00:00
PRD23892,277033.81,59,794,2024-03-25 08:00:00
PRD15226,8227.83,77,785,2024-07-24 22:00:00
PRD99914,267911.26,46,261,2024-06-27 20:00:00
PRD43874,108755.79,59,459,2024-05-30 07:00:00
PRD97083,131309.67,65,592,2024-09-24 13:00:00
PRD66432,92779.11,49,124,2024-08-07 19:00:00
PRD58890,123516.09,66,570,2024-02-28 22:00:00
PRD99065,234055.78,41,246,2024-03-05 13:00:00
PRD34636,356358.32,37,259,2024-07-11 17:00:00
PRD20969,210219.46,57,583,2024-06-11 23:00:00
PRD34208,408085.6,35,426,2024-05-27 05:00:00
PRD43268,332841.4,59,995,2024-02-14 16:00:00
PRD84529,508693.26,30,551,2024-05-15 22:00:00
PRD91544,81540.34,63,419,2024-02-28 17:00:00
PRD71533,179835.88,48,343,2024-06-24 10:00:00
PRD49682,582808.55,22,267,2024-09-02 05:00:00
PRD90509,44881.45,55,72,2024-05-04 14:00:00
PRD21073,610981.1,8,52,2024-08-16 22:00:00
PRD74960,196167.23,56,533,2024-02-13 09:00:00
PRD70902,155959.59,58,438,2024-02-07 10:00:00
PRD12093,244946.33,60,890,2024-04-09 20:00:00
PRD15036,297701.38,41,221,2024-09-08 02:00:00
PRD61780,139921.75,49,203,2024-09-12 19:00:00
PRD42333,329871.3,41,360,2024-09-01 14:00:00
PRD55100,15355.02,58,208,2024-05-01 14:00:00
PRD59456,257192.42,61,769,2024-04-15 22:00:00
PRD77279,405143.57,35,412,2024-03-31 01:00:00
PRD13858,10344.5,58,150,2024-02-11 14:00:00
PRD98987,2442.95,71,484,2024-06-14 06:00:00
PRD50600,372267.64,32,323,2024-01-27 17:00:00
PRD49282,84801.62,72,794,2024-06-21 13:00:00
PRD73201,425646.74,30,168,2024-02-01 23:00:00
PRD37227,17209.79,62,382,2024-10-15 03:00:00
PRD41378,162418.8,61,756,2024-04-23 12:00:00
PRD96236,201203.8,55,667,2024-05-03 20:00:00
PRD25995,302511.94,41,302,2024-03-19 19:00:00
PRD37617,195751.09,39,124,2024-09-14 18:00:00
PRD27852,243167.69,45,161,2024-08-17 01:00:00
PRD72527,68845.19,69,702,2024-10-13 14:00:00
PRD29113,356622.31,37,222,2024-03-31 21:00:00
PRD42246,19163.87,57,141,2024-05-17 07:00:00
PRD63776,296590.66,40,392,2024-04-09 15:00:00
PRD75342,4870.95,83,991,2024-10-22 16:00:00
PRD59148,55053.99,75,792,2024-06-02 16:00:00
PRD80098,444702.26,39,517,2024-08-12 14:00:00
PRD88983,53431.03,82,976,2024-07-16 11:00:00
PRD27517,260240.76,50,551,2024-09-15 06:00:00
PRD41451,452389.75,28,354,2024-06-26 16:00:00
PRD40880,342909.83,50,838,2024-05-02 21:00:00
PRD19780,575637.04,10,26,2024-02-12 18:00:00
PRD45003,165972.13,56,334,2024-04-09 18:00:00
PRD83772,423956.66,39,547,2024-08-01 18:00:00
PRD55298,417051.22,34,357,2024-05-02 18:00:00
PRD72601,240601.24,47,394,2024-10-19 13:00:00
PRD43986,361259.07,37,384,2024-04-01 07:00:00
PRD72324,303661.63,42,342,2024-08-22 09:00:00
PRD43274,316659.58,35,261,2024-09-14 18:00:00
PRD54404,399428.56,30,167,2024-01-01 19:00:00
PRD20414,166318.17,43,96,2024-06-19 09:00:00
PRD79445,440247.75,47,754,2024-05-12 08:00:00
PRD35918,140651.34,49,94,2024-07-10 12:00:00
PRD33369,292244.36,47,439,2024-02-22 10:00:00
PRD68615,141817.2,52,141,2024-01-26 04:00:00
PRD60371,246541.6,38,108,2024-04-08 05:00:00
PRD51867,198479.56,58,655,2024-07-13 03:00:00
PRD79780,112440.14,44,56,2024-05-02 22:00:00
PRD25032,143661.14,66,678,2024-01-22 01:00:00
PRD69226,351588.24,47,507,2024-04-26 03:00:00
PRD56704,2488.51,59,261,2024-01-27 18:00:00
PRD71934,136926.82,74,971,2024-03-16 18:00:00
PRD22111,152085.63,43,89,2024-06-17 07:00:00
PRD10382,310115.33,50,675,2024-08-09 10:00:00
PRD63789,94443.29,70,703,2024-03-16 04:00:00
PRD40515,241189.75,56,728,2024-05-12 15:00:00
PRD23912,282269.7,36,221,2024-05-28 07:00:00
PRD64929,316656.17,35,186,2024-03-09 12:00:00
PRD61185,122740.73,63,504,2024-08-26 03:00:00
PRD92505,15787.72,67,407,2024-07-17 19:00:00
PRD26788,307833.53,32,1,2024-08-04 05:00:00
PRD10965,325468.17,33,227,2024-06-22 15:00:00
PRD37391,341757.07,54,933,2024-04-05 18:00:00
PRD40314,275030.96,52,650,2024-03-27 22:00:00
PRD38092,320314.27,54,780,2024-09-05 06:00:00
PRD85672,349728.16,36,181,2024-06-22 07:00:00
PRD82719,423940.85,53,961,2024-04-02 12:00:00
PRD68033,398921.66,23,119,2024-06-11 16:00:00
PRD40436,414026.02,45,857,2024-04-05 14:00:00
PRD91417,494293.12,26,258,2024-10-20 03:00:00
PRD52205,57249.39,78,897,2024-02-12 01:00:00
PRD87186,204975.94,66,893,2024-02-22 14:00:00
PRD19429,206906.28,43,272,2024-03-11 22:00:00
PRD88078,172317.81,58,670,2024-10-21 14:00:00
PRD89427,94928.95,68,697,2024-08-17 21:00:00
PRD87889,245039.7,35,30,2024-10-16 15:00:00
PRD50419,277638.87,39,288,2024-04-12 16:00:00
PRD25206,58425.16,61,220,2024-08-25 08:00:00
PRD61654,305465.4,39,355,2024-07-28 15:00:00
PRD75133,315585.95,31,173,2024-09-23 01:00:00
PRD39603,2526.66,66,405,2024-09-12 09:00:00
PRD56087,13577.11,78,762,2024-02-07 10:00:00
PRD77252,443679.02,35,411,2024-10-05 04:00:00
PRD61573,588719.95,38,929,2024-09-15 12:00:00
PRD53586,83128.63,66,475,2024-01-22 05:00:00
PRD88397,266595.63,63,822,2024-05-08 04:00:00
PRD91479,380042.94,50,688,2024-04-20 10:00:00
PRD86971,15094.74,69,658,2024-07-03 05:00:00
PRD59214,194042.19,48,166,2024-03-21 22:00:00
PRD57464,519558.19,40,904,2024-08-02 03:00:00
PRD77451,292883.87,40,178,2024-01-04 20:00:00
PRD13629,585282.03,13,12,2024-06-16 14:00:00
PRD95995,23926.21,68,490,2024-06-08 02:00:00
PRD80279,143944.85,43,133,2024-08-19 06:00:00
PRD29143,551810.36,39,945,2024-04-28 18:00:00
PRD15483,397736.34,29,159,2024-08-21 13:00:00
PRD88095,285374.34,50,476,2024-10-11 08:00:00
PRD83637,132991.85,58,456,2024-05-05 11:00:00
PRD89212,255789.07,49,408,2024-09-28 08:00:00
PRD12972,148375.8,57,452,2024-04-23 10:00:00
PRD51229,466548.07,32,563,2024-09-01 08:00:00
PRD29054,47586.73,57,135,2024-04-01 11:00:00
PRD73568,392265.94,35,419,2024-04-16 03:00:00
PRD78257,179691.61,48,350,2024-03-31 19:00:00
PRD70283,226142.01,45,155,2024-03-23 15:00:00
PRD48994,356794.58,51,684,2024-04-10 19:00:00
PRD41691,325911.66,40,353,2024-05-18 23:00:00
PRD96284,214374.16,47,357,2024-04-19 03:00:00
PRD83869,227250.05,50,296,2024-02-26 08:00:00
PRD33831,395197.6,33,243,2024-04-17 21:00:00
PRD35656,15098.64,85,917,2024-05-04 11:00:00
PRD68173,424564.36,43,713,2024-09-15 11:00:00
PRD45502,389855.65,49,720,2024-02-09 01:00:00
PRD59601,212058.05,62,651,2024-07-24 12:00:00
PRD57259,185912.89,52,520,2024-09-08 16:00:00
PRD47496,428126.8,45,906,2024-08-12 09:00:00
PRD67058,362688.64,33,89,2024-01-30 14:00:00
PRD75523,408123.38,42,578,2024-09-03 14:00:00
PRD14695,582315.4,16,210,2024-07-29 11:00:00
PRD95512,266757.25,45,355,2024-02-15 01:00:00
PRD59100,193683.99,47,381,2024-07-11 12:00:00
PRD63628,129480.16,63,647,2024-03-10 05:00:00
PRD53918,294838.8,34,91,2024-03-05 18:00:00
PRD79674,24401.38,53,12,2024-04-06 19:00:00
PRD27664,108716.44,45,80,2024-01-10 05:00:00
PRD37229,137775.92,64,727,2024-07-16 00:00:00
PRD36877,493443.69,23,89,2024-09-04 03:00:00
PRD10635,166101.29,66,878,2024-08-08 20:00:00
PRD68531,245732.37,36,36,2024-08-20 20:00:00
PRD95316,186247.51,49,225,2024-02-26 13:00:00
PRD20515,255705.18,58,809,2024-01-23 12:00:00
PRD74218,437386.12,42,588,2024-07-01 16:00:00
PRD91699,348579.75,54,804,2024-02-25 20:00:00
PRD89267,482638.84,32,403,2024-05-11 10:00:00
PRD82482,448339.66,33,511,2024-08-31 03:00:00
PRD45274,254481.91,41,67,2024-02-15 11:00:00
PRD16385,547614.38,27,586,2024-04-23 02:00:00
PRD97243,384584.29,54,856,2024-10-26 12:00:00
PRD11182,54215.73,54,164,2024-07-09 10:00:00
PRD18051,1544.29,73,723,2024-09-25 09:00:00
PRD77033,112655.9,73,775,2024-04-19 19:00:00
PRD33763,264711.36,36,10,2024-01-01 18:00:00
PRD62926,342042.53,35,190,2024-10-26 18:00:00
PRD47441,265723.36,50,406,2024-07-26 02:00:00
PRD52141,272961.15,66,1000,2024-09-03 14:00:00
PRD98808,245419.06,45,435,2024-06-24 10:00:00
PRD62550,580370.36,27,547,2024-06-26 17:00:00
PRD88546,318635.28,43,576,2024-10-20 03:00:00
PRD30044,145528.17,57,407,2024-04-18 08:00:00
PRD36114,154949.99,54,236,2024-04-12 14:00:00
PRD62877,83240.88,65,690,2024-08-23 14:00:00
PRD19602,247346.19,56,589,2024-02-19 00:00:00
PRD18763,52722.47,74,731,2024-05-29 00:00:00
PRD22311,303276.22,49,599,2024-03-20 16:00:00
PRD27448,358085.94,30,20,2024-09-20 21:00:00
PRD26635,559626.18,27,625,2024-01-21 02:00:00
PRD11859,224937.04,46,362,2024-06-16 19:00:00
PRD59826,346675.96,26,9,2024-07-10 00:00:00
PRD94440,191465.35,53,552,2024-03-22 10:00:00
PRD79256,123176.2,69,764,2024-03-30 12:00:00
PRD78241,464190.13,33,569,2024-10-20 16:00:00
PRD54971,221061.19,57,627,2024-08-19 22:00:00
PRD20671,119558.06,65,788,2024-06-13 00:00:00
PRD86808,281697.15,50,486,2024-07-06 17:00:00
PRD45685,275994.55,38,62,2024-09-21 10:00:00
PRD62768,71871.08,66,688,2024-05-10 19:00:00
PRD86922,393695.93,27,184,2024-04-29 11:00:00
PRD88301,348339.71,55,961,2024-10-02 12:00:00
PRD73609,155269.03,43,83,2024-09-05 03:00:00
PRD61356,152987.07,72,934,2024-04-08 14:00:00
PRD95660,115900.79,61,497,2024-08-12 03:00:00
PRD86086,328838.2,37,183,2024-07-05 01:00:00
PRD29279,270117.28,53,526,2024-03-02 16:00:00
PRD36434,9723.0,65,274,2024-04-13 20:00:00
PRD44152,382941.81,36,347,2024-06-18 17:00:00
PRD20824,380341.25,29,95,2024-10-12 07:00:00
PRD35144,322656.84,35,110,2024-09-03 02:00:00
PRD73514,424107.25,25,134,2024-07-08 02:00:00
PRD82000,312727.83,55,966,2024-08-27 13:00:00
PRD67254,586155.98,16,309,2024-05-15 01:00:00
PRD30343,57840.74,82,998,2024-01-06 14:00:00
PRD62966,193319.42,63,763,2024-07-09 13:00:00
PRD46890,164413.09,67,840,2024-09-10 20:00:00
PRD12655,101374.74,75,892,2024-02-17 07:00:00
PRD27683,303254.04,59,877,2024-02-07 17:00:00
PRD80251,118302.5,57,516,2024-02-26 15:00:00
PRD56684,126165.18,52,339,2024-05-25 17:00:00
PRD98225,524317.98,14,129,2024-03-09 22:00:00
PRD71802,381949.28,36,256,2024-05-27 13:00:00
PRD52971,11215.52,76,661,2024-06-30 17:00:00
PRD61210,108234.0,66,550,2024-10-25 05:00:00
PRD14438,52352.13,75,906,2024-09-14 01:00:00
PRD17934,378514.32,40,571,2024-07-01 03:00:00
PRD57919,319439.85,44,320,2024-01-06 05:00:00
PRD10229,312097.58,37,120,2024-03-31 20:00:00
PRD92487,46360.34,65,460,2024-09-10 02:00:00
PRD82966,234974.09,61,703,2024-01-01 08:00:00
PRD16026,45642.77,52,82,2024-09-07 05:00:00
PRD56230,76760.72,48,91,2024-06-12 12:00:00
PRD21856,232987.06,38,19,2024-02-07 22:00:00
PRD21758,386173.01,35,322,2024-09-28 23:00:00
PRD65364,254597.83,48,514,2024-05-02 22:00:00
PRD18268,215624.77,65,883,2024-09-23 06:00:00
PRD19254,386585.43,51,807,2024-07-25 20:00:00
PRD72113,199551.43,50,503,2024-03-23 01:00:00
PRD52680,460452.65,37,672,2024-09-23 02:00:00
PRD48352,291219.37,38,147,2024-01-03 01:00:00
PRD82269,192192.28,68,881,2024-08-23 20:00:00
PRD40511,482121.48,43,989,2024-04-28 13:00:00
PRD90118,56386.68,51,45,2024-03-12 07:00:00
PRD98777,140584.83,68,865,2024-07-01 10:00:00
PRD11922,146975.48,51,200,2024-10-20 16:00:00
PRD41936,85436.36,70,674,2024-03-09 21:00:00
PRD98220,369500.02,32,84,2024-05-03 14:00:00
PRD84913,345413.49,48,642,2024-05-12 20:00:00
PRD55172,126728.21,63,550,2024-05-27 21:00:00
PRD56163,307486.11,44,292,2024-01-24 21:00:00
PRD89493,265147.9,51,593,2024-04-26 21:00:00
PRD91188,319409.99,45,435,2024-03-05 18:00:00
PRD86295,250354.69,60,962,2024-02-21 09:00:00
PRD82774,27023.82,77,883,2024-05-09 18:00:00
PRD84955,440637.81,31,256,2024-02-22 01:00:00
PRD35515,207564.78,52,487,2024-10-16 23:00:00
PRD34315,216781.62,51,305,2024-09-20 11:00:00
PRD75751,450170.74,35,542,2024-02-09 23:00:00
PRD63944,48536.71,65,389,2024-01-05 05:00:00
PRD16211,107069.12,68,850,2024-07-26 22:00:00
PRD33267,238965.74,58,627,2024-04-28 05:00:00
PRD81451,384388.12,33,216,2024-02-28 21:00:00
PRD66839,58955.53,66,602,2024-10-10 04:00:00
PRD16160,200800.69,70,968,2024-01-05 07:00:00
PRD49351,497124.87,49,943,2024-07-04 11:00:00
PRD54307,89681.93,56,165,2024-02-25 15:00:00
PRD66747,338209.09,48,759,2024-06-27 12:00:00
PRD38211,77112.6,69,706,2024-01-25 14:00:00
PRD10329,304106.91,61,901,2024-09-22 19:00:00
PRD83097,254262.67,44,258,2024-04-08 00:00:00
PRD36647,166417.74,58,670,2024-07-21 18:00:00
PRD85420,451162.99,33,541,2024-05-28 22:00:00
PRD52755,312475.74,29,63,2024-01-30 12:00:00
PRD67943,582367.07,18,183,2024-01-24 03:00:00
PRD60148,69903.08,62,530,2024-09-01 12:00:00
PRD20507,48767.01,62,234,2024-04-04 13:00:00
PRD29939,200895.42,68,865,2024-08-16 09:00:00
PRD73825,399026.49,25,180,2024-10-09 00:00:00
PRD16638,111216.13,63,594,2024-01-15 08:00:00
PRD70704,346880.81,40,281,2024-05-15 04:00:00
PRD39268,528001.54,23,331,2024-07-11 09:00:00
PRD47275,400420.14,31,151,2024-07-01 00:00:00
PRD64560,334021.33,43,577,2024-07-21 16:00:00
PRD73387,188207.53,61,744,2024-05-28 15:00:00
PRD10006,45485.31,77,941,2024-05-06 23:00:00
PRD39590,423156.43,43,567,2024-07-20 15:00:00
PRD90340,217933.91,59,669,2024-08-04 22:00:00
PRD69992,252135.57,39,74,2024-06-15 10:00:00
PRD55086,176704.77,50,404,2024-06-04 08:00:00
PRD25886,393009.56,37,399,2024-02-21 13:00:00
PRD54484,160987.21,58,487,2024-01-19 01:00:00
PRD56396,19205.44,78,747,2024-03-16 18:00:00
PRD22110,41325.91,67,452,2024-08-02 11:00:00
PRD85648,224821.56,49,351,2024-07-01 13:00:00
PRD77239,329845.93,48,556,2024-01-22 17:00:00
PRD32350,24453.8,57,131,2024-03-01 01:00:00
PRD91152,315185.81,49,549,2024-09-12 01:00:00
PRD15353,330665.04,39,263,2024-08-13 06:00:00
PRD64023,344383.03,32,113,2024-08-27 20:00:00
PRD45719,295776.26,41,274,2024-02-14 07:00:00
PRD76815,555171.99,33,698,2024-05-16 05:00:00
PRD14902,44862.96,57,238,2024-09-01 00:00:00
PRD73047,301310.25,38,239,2024-01-14 07:00:00
PRD47552,320485.97,52,850,2024-01-23 23:00:00
PRD72762,315362.35,37,330,2024-06-12 01:00:00
PRD65752,191712.84,66,943,2024-06-30 14:00:00
PRD95544,407057.9,40,528,2024-03-14 12:00:00
PRD20598,344989.79,45,656,2024-01-01 22:00:00
PRD61516,487124.52,46,857,2024-03-24 22:00:00
PRD10959,112663.14,62,594,2024-04-10 00:00:00
PRD13459,33028.54,59,250,2024-09-13 03:00:00
PRD58812,427612.31,40,735,2024-01-21 11:00:00
PRD56442,271799.27,44,209,2024-07-09 13:00:00
PRD80074,234922.3,42,287,2024-07-06 03:00:00
PRD35444,6234.76,67,334,2024-02-24 22:00:00
PRD19616,141070.01,65,713,2024-06-10 15:00:00
PRD24644,240066.88,56,773,2024-07-30 17:00:00
PRD21594,393428.41,48,925,2024-04-04 10:00:00
PRD41270,322357.83,56,892,2024-04-14 01:00:00
PRD90723,217248.63,54,578,2024-09-21 00:00:00
PRD82876,292874.12,57,724,2024-01-06 09:00:00
PRD41075,432947.64,25,123,2024-05-13 22:00:00
PRD88922,94781.71,72,846,2024-05-01 04:00:00
PRD51040,141156.66,51,226,2024-03-01 23:00:00
PRD98027,204104.07,67,892,2024-03-09 17:00:00
PRD89736,323680.0,55,946,2024-03-16 08:00:00
PRD61243,178313.55,68,870,2024-04-02 22:00:00
PRD65963,107722.92,72,945,2024-05-08 03:00:00
PRD26352,562043.05,42,994,2024-03-21 09:00:00
PRD78021,319143.36,29,13,2024-09-17 13:00:00
PRD17692,544305.3,37,838,2024-07-26 12:00:00
PRD12997,398059.92,54,1000,2024-02-14 08:00:00
PRD68688,230289.72,49,307,2024-09-12 00:00:00
PRD76575,65631.11,58,380,2024-07-06 07:00:00
PRD20030,29096.41,71,584,2024-01-07 02:00:00
PRD95079,130214.86,60,512,2024-10-12 11:00:00
PRD24825,373184.55,48,856,2024-10-25 10:00:00
PRD64578,429754.59,48,991,2024-07-20 21:00:00
PRD72296,310066.26,51,709,2024-08-22 20:00:00
PRD23446,19322.57,76,643,2024-04-21 00:00:00
PRD40326,280573.23,43,252,2024-03-09 09:00:00
PRD21744,365395.39,26,2,2024-03-25 06:00:00
PRD38034,232784.53,62,818,2024-07-16 11:00:00
PRD91248,301198.0,44,458,2024-03-07 17:00:00
PRD46252,434019.16,23,175,2024-03-10 07:00:00
PRD76636,302773.98,56,966,2024-08-02 18:00:00
PRD28520,6295.64,77,806,2024-02-16 08:00:00
PRD18451,297813.85,44,499,2024-06-26 23:00:00
PRD57080,246111.92,51,381,2024-09-29 18:00:00
PRD57973,145192.6,63,582,2024-05-17 15:00:00
PRD83765,39807.74,79,813,2024-09-25 13:00:00
PRD11609,130125.04,50,231,2024-04-11 08:00:00
PRD30708,378985.07,55,989,2024-10-03 04:00:00
PRD53399,164368.43,56,381,2024-06-15 23:00:00
PRD65209,246200.42,37,14,2024-05-15 22:00:00
PRD56316,440560.99,23,65,2024-08-20 21:00:00
PRD12470,261698.81,46,450,2024-07-18 13:00:00
PRD53941,1103.35,81,883,2024-03-16 16:00:00
PRD30783,311774.87,37,341,2024-07-07 19:00:00
PRD97734,570626.44,11,158,2024-03-29 19:00:00
PRD65791,128829.71,71,983,2024-05-23 03:00:00
PRD93645,287200.01,66,974,2024-05-04 19:00:00
PRD73603,578388.6,16,210,2024-05-21 15:00:00
PRD86115,431707.73,44,621,2024-08-10 00:00:00
PRD64818,504631.83,19,124,2024-07-22 00:00:00
PRD45172,308689.4,50,644,2024-02-27 19:00:00
PRD87119,283936.35,64,956,2024-04-08 08:00:00
PRD77387,192516.07,68,991,2024-09-01 17:00:00
PRD81824,5721.63,73,524,2024-01-30 07:00:00
PRD61613,429623.34,51,853,2024-06-25 15:00:00
PRD42916,130015.25,66,725,2024-04-02 07:00:00
PRD52329,139659.06,60,427,2024-02-26 21:00:00
PRD73680,350308.91,39,531,2024-02-21 04:00:00
PRD58798,371140.44,44,525,2024-03-04 00:00:00
PRD62943,37277.17,63,518,2024-06-11 04:00:00
PRD39947,214748.59,40,168,2024-02-18 02:00:00
PRD70832,214502.49,50,523,2024-04-06 16:00:00
PRD41273,13246.28,71,634,2024-07-27 01:00:00
PRD63209,525319.47,33,664,2024-09-15 09:00:00
PRD70215,374989.42,49,835,2024-04-16 18:00:00
PRD37995,373561.89,39,442,2024-01-24 15:00:00
PRD20962,476745.2,34,434,2024-10-07 15:00:00
PRD52188,415603.12,28,157,2024-03-08 02:00:00
PRD23135,182934.89,45,65,2024-03-11 12:00:00
PRD17988,202191.08,42,199,2024-03-13 14:00:00
PRD48912,113182.07,68,839,2024-01-10 23:00:00
PRD35360,337044.98,35,323,2024-08-02 13:00:00
PRD36907,163852.18,52,239,2024-08-29 01:00:00
PRD35313,416775.14,48,842,2024-05-04 10:00:00
PRD57916,22471.76,75,756,2024-03-15 19:00:00
PRD38291,323666.34,54,758,2024-03-02 22:00:00
PRD55398,402448.01,33,313,2024-09-14 11:00:00
PRD92259,30441.79,65,300,2024-04-23 17:00:00
PRD85088,437911.72,50,995,2024-07-26 16:00:00
PRD94258,463880.41,38,742,2024-08-14 18:00:00
PRD56067,8419.72,77,688,2024-04-04 09:00:00
PRD53786,308700.62,44,325,2024-04-20 19:00:00
PRD75267,14582.62,85,1000,2024-06-10 09:00:00
PRD20329,128768.64,76,951,2024-06-18 07:00:00
PRD97743,55850.05,69,616,2024-08-04 08:00:00
PRD24995,485708.27,20,64,2024-03-15 06:00:00
PRD67527,55396.57,56,143,2024-03-16 14:00:00
PRD76880,394795.23,44,628,2024-01-20 16:00:00
PRD70332,23017.39,76,720,2024-02-27 06:00:00
PRD86256,421163.74,25,247,2024-09-20 20:00:00
PRD45527,335413.32,59,921,2024-01-08 11:00:00
PRD51603,368657.18,54,938,2024-10-24 02:00:00
PRD18439,115624.18,62,481,2024-06-09 21:00:00
PRD90144,345669.1,39,387,2024-03-14 14:00:00
PRD35096,169119.72,47,170,2024-06-25 01:00:00
PRD61620,124782.15,53,216,2024-01-09 05:00:00
PRD54690,256935.9,57,738,2024-03-28 20:00:00
PRD16425,368830.45,55,995,2024-05-01 10:00:00
PRD71922,218287.25,51,338,2024-03-29 00:00:00
PRD72412,305040.55,49,625,2024-10-23 09:00:00
PRD29937,154943.74,54,525,2024-05-01 15:00:00
PRD98098,47046.55,76,749,2024-05-14 15:00:00
PRD22075,540376.55,13,109,2024-08-04 13:00:00
PRD15071,442686.43,21,145,2024-03-30 23:00:00
PRD47456,365652.73,26,32,2024-08-11 00:00:00
PRD47723,440541.17,36,522,2024-01-03 07:00:00
PRD12637,286096.85,56,889,2024-04-01 12:00:00
PRD98454,240785.64,61,884,2024-08-25 08:00:00
PRD81616,340290.71,32,228,2024-09-07 15:00:00
PRD39357,129706.98,75,961,2024-02-17 02:00:00
PRD50361,281267.03,57,890,2024-06-21 19:00:00
PRD77762,403736.16,49,732,2024-02-11 17:00:00
PRD13022,416533.58,38,432,2024-02-17 12:00:00
PRD91531,582625.05,27,629,2024-03-22 07:00:00
PRD34968,209495.57,56,660,2024-02-15 13:00:00
PRD32991,566716.27,31,631,2024-09-28 19:00:00
PRD88176,157513.15,60,685,2024-01-24 17:00:00
PRD73199,262170.67,40,153,2024-03-05 21:00:00
PRD64208,36613.79,68,501,2024-08-19 22:00:00
PRD32141,297520.39,60,981,2024-03-20 16:00:00
PRD52467,178660.35,65,690,2024-02-06 13:00:00
PRD40820,424386.1,45,688,2024-09-28 00:00:00
PRD68812,185986.45,62,764,2024-04-23 18:00:00
PRD46934,449209.35,43,898,2024-02-08 10:00:00
PRD15107,1701.78,80,775,2024-07-19 18:00:00
PRD19017,253828.12,48,453,2024-01-03 19:00:00
PRD71029,262362.64,41,119,2024-01-18 04:00:00
PRD58179,285303.17,51,506,2024-09-20 05:00:00
PRD86168,261538.98,48,377,2024-07-06 13:00:00
PRD89263,370789.04,37,258,2024-02-04 20:00:00
PRD73009,38579.59,64,497,2024-03-06 21:00:00
PRD29296,375416.27,28,2,2024-02-02 09:00:00
PRD81366,209747.02,44,288,2024-10-14 20:00:00
PRD21322,367814.24,42,574,2024-01-25 18:00:00
PRD78220,131382.17,55,380,2024-01-07 01:00:00
PRD30908,236237.7,41,170,2024-08-13 18:00:00
PRD43806,225758.18,45,309,2024-01-30 10:00:00
PRD52294,139046.12,52,345,2024-01-09 17:00:00
PRD98404,284629.79,36,245,2024-01-24 06:00:00
PRD37886,108450.05,67,782,2024-08-13 10:00:00
PRD94313,252667.25,45,251,2024-05-29 03:00:00
PRD61670,342508.07,52,937,2024-02-23 08:00:00
PRD37148,161355.27,48,147,2024-01-14 12:00:00
PRD31420,136400.09,44,11,2024-07-24 14:00:00
PRD38578,51752.87,59,245,2024-07-13 17:00:00
PRD12511,417432.96,27,161,2024-03-12 18:00:00
PRD11176,348204.44,28,67,2024-03-12 16:00:00
PRD11652,211346.52,65,763,2024-01-17 04:00:00
PRD50159,126338.85,48,237,2024-04-21 22:00:00
PRD31257,341445.56,38,255,2024-01-18 01:00:00
PRD55960,265738.17,47,561,2024-05-01 20:00:00
PRD66166,160430.86,46,4,2024-01-12 21:00:00
PRD66426,234228.68,40,13,2024-08-29 09:00:00
PRD39844,424803.13,46,774,2024-04-17 07:00:00
PRD73638,478836.41,18,153,2024-08-16 18:00:00
PRD35192,89886.49,47,9,2024-08-23 03:00:00
PRD55758,221155.92,58,640,2024-01-08 15:00:00
PRD65976,60054.05,72,737,2024-04-12 06:00:00
PRD90605,272656.08,56,648,2024-07-01 12:00:00
PRD71696,405455.34,30,195,2024-08-17 10:00:00
PRD32650,562739.59,37,898,2024-08-01 07:00:00
PRD83189,16057.69,67,580,2024-09-04 04:00:00
PRD33655,109026.33,53,366,2024-09-21 09:00:00
PRD30319,427941.7,43,838,2024-03-29 18:00:00
PRD61899,347177.86,29,47,2024-07-22 13:00:00
PRD98790,96431.31,57,433,2024-03-04 07:00:00
PRD31734,422402.53,41,755,2024-06-19 21:00:00
PRD54949,324357.63,47,697,2024-06-06 03:00:00
PRD64330,347436.92,39,504,2024-02-21 22:00:00
PRD67295,102336.15,66,746,2024-07-16 02:00:00
PRD12959,64028.38,56,250,2024-03-18 01:00:00
PRD67545,4048.2,66,411,2024-05-02 20:00:00
PRD38799,47371.05,73,664,2024-09-10 02:00:00
PRD65999,41753.44,67,399,2024-05-05 13:00:00
PRD13212,130902.98,51,77,2024-06-10 15:00:00
PRD49136,426681.23,51,880,2024-08-07 14:00:00
PRD51415,23118.62,61,220,2024-02-17 14:00:00
PRD71205,39088.99,74,780,2024-09-02 16:00:00
PRD37830,118258.1,74,818,2024-05-27 09:00:00
PRD50343,169914.2,61,742,2024-09-16 21:00:00
PRD31960,344723.48,45,459,2024-05-05 18:00:00
PRD26928,395154.3,46,710,2024-04-01 04:00:00
PRD37247,349880.05,39,275,2024-07-25 07:00:00
PRD22620,232110.02,37,6,2024-07-14 23:00:00
PRD20995,483821.78,51,993,2024-08-10 09:00:00
PRD36340,50300.92,60,228,2024-03-25 13:00:00
PRD81478,257740.34,59,840,2024-05-19 21:00:00
PRD57682,411310.02,32,420,2024-02-26 07:00:00
PRD54686,377296.69,44,617,2024-01-07 09:00:00
PRD16360,353773.43,38,384,2024-07-17 13:00:00
PRD74787,183941.97,48,328,2024-03-16 02:00:00
PRD91884,217869.44,50,544,2024-09-01 01:00:00
PRD30496,331136.32,40,434,2024-07-18 04:00:00
PRD46560,90345.23,73,982,2024-02-03 00:00:00
PRD43026,313782.24,56,782,2024-10-04 03:00:00
PRD96690,289645.33,62,899,2024-02-05 00:00:00
PRD79066,199447.47,50,403,2024-03-01 06:00:00
PRD78686,172576.79,60,708,2024-02-26 11:00:00
PRD31326,340235.54,57,854,2024-07-05 06:00:00
PRD68860,12648.7,55,15,2024-03-28 19:00:00
PRD99789,135272.84,42,12,2024-02-23 06:00:00
PRD66348,179690.77,43,168,2024-07-24 22:00:00
PRD87728,224188.7,34,12,2024-01-15 21:00:00
PRD69942,192441.45,63,908,2024-03-19 02:00:00
PRD78461,429738.28,27,255,2024-09-26 23:00:00
PRD63108,393455.76,22,7,2024-10-24 17:00:00
PRD68745,87576.34,68,793,2024-09-29 19:00:00
PRD17983,63352.77,75,940,2024-06-01 12:00:00
PRD72953,500069.68,35,642,2024-07-28 07:00:00
PRD38192,422183.44,21,10,2024-04-25 13:00:00
PRD80206,463916.28,30,258,2024-03-24 17:00:00
PRD44501,370237.38,49,833,2024-08-08 20:00:00
PRD56415,29196.48,66,335,2024-05-28 12:00:00
PRD20682,331771.53,28,71,2024-01-12 09:00:00
PRD95566,470182.63,35,529,2024-07-12 19:00:00
PRD55410,378976.86,52,764,2024-07-11 21:00:00
PRD61972,452306.76,46,977,2024-04-05 11:00:00
PRD34452,63893.33,67,565,2024-08-07 15:00:00
PRD10719,154134.14,52,440,2024-02-05 09:00:00
PRD85819,42771.81,80,830,2024-10-03 11:00:00
PRD68779,26708.91,74,656,2024-03-23 13:00:00
PRD43820,154561.63,64,674,2024-03-06 03:00:00
PRD85881,418837.1,39,656,2024-01-15 20:00:00
PRD80887,212684.53,42,174,2024-07-16 00:00:00
PRD89170,373360.77,33,371,2024-04-06 03:00:00
PRD58230,367934.52,47,775,2024-01-21 01:00:00
PRD72890,319340.49,31,34,2024-10-25 15:00:00
PRD57381,171795.29,38,26,2024-01-21 15:00:00
PRD72860,158944.94,59,497,2024-09-27 13:00:00
PRD42391,171526.07,71,930,2024-08-23 10:00:00
PRD53698,459507.45,29,217,2024-08-05 13:00:00
PRD39214,423325.61,29,179,2024-03-11 21:00:00
PRD64280,74734.09,79,922,2024-07-26 12:00:00
PRD26237,152524.39,63,683,2024-08-18 09:00:00
PRD79447,407126.9,33,304,2024-01-05 00:00:00
PRD68263,249532.19,59,671,2024-01-17 22:00:00
PRD47403,114421.06,62,646,2024-07-08 14:00:00
PRD36854,49204.1,54,19,2024-04-07 07:00:00
PRD36802,171644.87,48,84,2024-10-27 17:00:00
PRD66657,456555.32,25,241,2024-03-22 00:00:00
PRD32817,338336.37,36,247,2024-10-18 03:00:00
PRD95105,157988.7,61,497,2024-06-03 15:00:00
PRD10351,163032.42,51,224,2024-03-25 09:00:00
PRD37454,247509.99,57,617,2024-09-09 20:00:00
PRD96556,152503.7,62,575,2024-04-21 11:00:00
PRD98988,32773.94,63,491,2024-03-29 20:00:00
PRD94378,212635.07,57,479,2024-06-13 14:00:00
PRD97330,84678.99,63,647,2024-07-20 20:00:00
PRD98909,505615.64,30,540,2024-09-25 07:00:00
PRD91636,42942.83,75,814,2024-06-04 11:00:00
PRD36680,409837.62,55,926,2024-01-26 21:00:00
PRD22048,434581.17,43,816,2024-02-18 15:00:00
PRD30186,252384.38,48,459,2024-08-29 04:00:00
PRD15938,346242.74,35,217,2024-08-08 05:00:00
PRD93851,360232.2,51,683,2024-06-17 04:00:00
PRD17111,57336.89,56,131,2024-07-06 11:00:00
PRD41582,92111.77,55,159,2024-10-22 10:00:00
PRD83762,65417.04,70,614,2024-08-20 13:00:00
PRD12246,203242.9,61,679,2024-01-26 05:00:00
PRD89461,548038.06,16,171,2024-08-22 00:00:00
PRD91556,414793.34,36,381,2024-09-28 05:00:00
PRD35294,24683.91,70,650,2024-08-20 15:00:00
PRD71176,16078.99,55,83,2024-02-08 12:00:00
PRD54070,432274.72,40,692,2024-06-04 06:00:00
PRD45862,389507.1,58,992,2024-04-29 22:00:00
PRD85902,159567.17,51,167,2024-01-16 11:00:00
PRD19414,100565.05,52,292,2024-02-28 08:00:00
PRD97935,269801.31,52,655,2024-10-01 06:00:00
PRD19004,156214.76,50,143,2024-03-28 20:00:00
PRD57397,72398.34,61,338,2024-06-12 14:00:00
PRD58896,23323.4,67,532,2024-04-29 00:00:00
PRD95874,348244.56,48,622,2024-03-17 01:00:00
PRD56822,184369.77,64,760,2024-03-20 14:00:00
PRD63166,585227.08,31,755,2024-06-08 14:00:00
PRD87291,516782.15,41,869,2024-04-24 09:00:00
PRD42793,449457.64,26,209,2024-08-27 05:00:00
PRD98095,519432.21,22,188,2024-01-11 18:00:00
PRD33502,119777.42,60,358,2024-06-12 18:00:00
PRD11097,560042.76,39,771,2024-10-05 08:00:00
PRD52248,360535.76,41,614,2024-02-21 00:00:00
PRD87935,141117.39,55,463,2024-01-14 14:00:00
PRD70526,80602.88,79,950,2024-09-06 15:00:00
PRD80480,87200.25,61,370,2024-03-26 05:00:00
PRD39829,129202.0,73,801,2024-03-06 19:00:00
PRD27562,244040.85,47,511,2024-05-14 21:00:00
PRD68832,159101.5,51,148,2024-09-21 16:00:00
PRD61805,215059.9,37,9,2024-05-20 07:00:00
PRD59029,307809.26,55,852,2024-03-15 05:00:00
PRD27076,541782.21,41,993,2024-07-17 05:00:00
PRD12519,160044.81,55,502,2024-03-14 22:00:00
PRD27917,211890.87,40,199,2024-10-17 04:00:00
PRD82614,93136.54,63,382,2024-09-27 02:00:00
PRD25406,121589.05,49,190,2024-04-06 23:00:00
PRD72742,174235.88,48,378,2024-08-13 01:00:00
PRD63123,238927.46,40,253,2024-07-28 16:00:00
PRD50927,289735.89,37,48,2024-09-04 18:00:00
PRD90345,228528.11,64,807,2024-07-31 23:00:00
PRD35807,275695.15,60,826,2024-04-11 07:00:00
PRD10443,76561.73,58,306,2024-10-09 15:00:00
PRD61562,499675.78,36,524,2024-01-06 17:00:00
PRD51240,202692.95,62,888,2024-02-25 18:00:00
PRD99279,163874.57,41,26,2024-02-23 03:00:00
PRD19055,330870.89,34,301,2024-01-27 14:00:00
PRD29724,219435.37,55,619,2024-09-16 19:00:00
PRD98878,267616.3,59,966,2024-01-21 06:00:00
PRD39943,436394.41,45,718,2024-03-27 18:00:00
PRD55625,162192.92,65,819,2024-06-27 07:00:00
PRD35171,59091.23,46,8,2024-01-28 06:00:00
PRD16567,59049.84,69,782,2024-06-01 03:00:00
PRD86418,35436.9,77,790,2024-05-28 23:00:00
PRD88854,332201.93,30,52,2024-04-28 22:00:00
PRD97437,167264.44,64,699,2024-07-18 21:00:00
PRD12037,341462.49,45,644,2024-02-07 00:00:00
PRD26312,474747.56,48,967,2024-03-30 07:00:00
PRD78593,67172.7,59,342,2024-03-05 04:00:00
PRD19280,379387.6,41,378,2024-07-14 00:00:00
PRD42547,80609.29,58,414,2024-06-28 15:00:00
PRD87483,104861.02,57,282,2024-05-22 22:00:00
PRD93415,242057.9,47,481,2024-07-04 19:00:00
PRD99316,259527.98,50,473,2024-05-25 08:00:00
PRD23630,141590.09,47,26,2024-07-01 20:00:00
PRD35172,27974.59,53,147,2024-10-10 09:00:00
PRD68084,458174.74,23,110,2024-05-02 11:00:00
PRD15787,192905.06,45,96,2024-05-23 05:00:00
PRD20080,381570.88,46,755,2024-02-07 08:00:00
PRD59771,281084.09,43,418,2024-01-07 09:00:00
PRD26031,34004.16,85,967,2024-08-23 10:00:00
PRD91181,45974.98,64,411,2024-09-02 20:00:00
PRD81374,358431.48,44,707,2024-07-25 07:00:00
PRD86466,446787.11,50,879,2024-10-16 13:00:00
PRD67731,481813.97,18,57,2024-07-16 17:00:00
PRD53349,62637.71,54,37,2024-08-24 02:00:00
PRD35539,495088.17,20,95,2024-04-01 21:00:00
PRD83264,318868.9,56,810,2024-09-11 17:00:00
PRD68040,140704.42,70,938,2024-02-14 16:00:00
PRD64308,118304.09,67,793,2024-04-23 18:00:00
PRD87729,109703.51,51,205,2024-03-01 17:00:00
PRD46616,265016.26,65,899,2024-02-11 15:00:00
PRD66664,257807.1,42,259,2024-10-16 23:00:00
PRD93349,142204.07,49,180,2024-09-21 19:00:00
PRD39637,85605.73,48,110,2024-02-04 06:00:00
PRD89486,27601.73,51,26,2024-08-02 00:00:00
PRD52608,317422.1,31,163,2024-02-20 11:00:00
PRD22526,251128.56,40,210,2024-10-15 18:00:00
PRD41624,49329.49,72,768,2024-06-01 19:00:00
PRD85544,150681.53,50,113,2024-06-29 05:00:00
PRD92151,230647.06,43,234,2024-07-25 20:00:00
PRD32460,461666.4,29,312,2024-03-31 01:00:00
PRD49824,401540.83,36,285,2024-04-22 20:00:00
PRD69899,309509.7,59,892,2024-06-06 10:00:00
PRD80833,306048.4,32,28,2024-07-09 15:00:00
PRD75730,10221.53,57,148,2024-06-12 19:00:00
PRD81118,76799.97,56,182,2024-01-14 02:00:00
PRD91552,321631.87,45,498,2024-01-12 14:00:00
PRD26152,414843.07,44,757,2024-09-02 17:00:00
PRD42211,504205.84,13,59,2024-02-27 09:00:00
PRD87414,178744.54,40,64,2024-02-09 07:00:00
PRD67168,195041.91,52,297,2024-10-20 05:00:00
PRD98329,304746.19,61,951,2024-02-14 23:00:00
PRD36782,285288.81,39,196,2024-04-30 09:00:00
PRD48248,359824.77,45,748,2024-03-03 14:00:00
PRD43245,113222.8,79,967,2024-07-20 08:00:00
PRD29248,401597.9,54,930,2024-05-26 20:00:00
PRD85005,58339.38,52,116,2024-03-02 04:00:00
PRD22906,520190.96,17,159,2024-07-28 16:00:00
PRD64964,135206.57,57,324,2024-06-12 20:00:00
PRD38034,59605.01,71,695,2024-07-08 22:00:00
PRD60658,268778.56,52,530,2024-06-26 09:00:00
PRD17866,388007.47,49,741,2024-04-28 23:00:00
PRD76114,486561.44,30,560,2024-07-25 10:00:00
PRD10999,161129.74,54,540,2024-07-19 09:00:00
PRD56891,438469.26,35,600,2024-10-23 19:00:00
PRD35279,138747.01,44,52,2024-06-02 08:00:00
PRD14686,261149.13,58,768,2024-09-19 03:00:00
PRD93164,316228.12,28,64,2024-09-14 01:00:00
PRD56146,144819.0,51,224,2024-06-30 07:00:00
PRD60600,261942.82,53,518,2024-09-04 17:00:00
PRD28493,157746.4,67,911,2024-06-15 21:00:00
PRD58560,80944.33,66,696,2024-07-09 13:00:00
PRD36274,239774.17,53,560,2024-01-01 06:00:00
PRD21671,273712.4,59,781,2024-10-18 18:00:00
PRD44308,229611.96,41,149,2024-02-01 15:00:00
PRD68570,389313.51,50,959,2024-09-28 11:00:00
PRD19403,373987.29,50,957,2024-01-26 22:00:00
PRD46622,164184.09,41,88,2024-05-14 09:00:00
PRD97251,276567.58,54,745,2024-08-28 12:00:00
PRD79112,316535.24,59,859,2024-07-28 08:00:00
PRD44600,318247.88,59,891,2024-06-03 15:00:00
PRD56669,140169.9,57,399,2024-08-18 22:00:00
PRD37667,389586.57,56,959,2024-05-22 05:00:00
PRD32566,62156.63,64,408,2024-05-30 03:00:00
PRD27881,463528.03,32,398,2024-06-21 10:00:00
PRD28882,122795.28,64,577,2024-02-02 00:00:00
PRD50190,156582.85,65,853,2024-01-10 09:00:00
PRD34742,411151.89,24,18,2024-08-29 04:00:00
PRD15328,153275.44,53,338,2024-01-24 04:00:00
PRD37567,37922.25,81,994,2024-10-02 04:00:00
PRD61267,321561.33,30,90,2024-03-28 21:00:00
PRD90783,342676.97,44,612,2024-02-04 03:00:00
PRD88156,169819.09,61,579,2024-06-21 10:00:00
PRD89923,210503.22,41,92,2024-02-01 11:00:00
PRD68944,212508.42,60,761,2024-08-02 21:00:00
PRD36434,583077.7,20,368,2024-07-07 01:00:00
PRD43689,386160.4,30,59,2024-02-09 08:00:00
PRD13141,309835.21,38,158,2024-06-20 21:00:00
PRD59903,173845.01,69,865,2024-08-28 02:00:00
PRD60532,232529.96,36,61,2024-06-17 19:00:00
PRD64760,191501.96,43,174,2024-04-24 12:00:00
PRD53604,324891.43,36,346,2024-08-21 02:00:00
PRD88289,335392.08,54,913,2024-08-02 12:00:00
PRD85348,107575.51,56,351,2024-01-07 14:00:00
PRD58526,188660.9,46,102,2024-04-03 06:00:00
PRD34657,183840.77,64,884,2024-06-25 00:00:00
PRD97096,306197.73,39,145,2024-03-31 09:00:00
PRD67335,484142.92,31,477,2024-08-04 23:00:00
PRD18108,332411.36,43,434,2024-02-13 18:00:00
PRD59850,159089.82,55,563,2024-07-14 23:00:00
PRD25131,287683.91,56,916,2024-04-02 21:00:00
PRD26710,111304.28,51,169,2024-04-14 09:00:00
PRD49704,147079.68,71,963,2024-06-14 07:00:00
PRD35569,69075.27,54,17,2024-05-28 08:00:00
PRD45968,253231.64,50,569,2024-07-03 22:00:00
PRD96475,325665.72,43,521,2024-03-18 17:00:00
PRD33957,171725.72,69,818,2024-07-06 16:00:00
PRD91524,249163.96,48,309,2024-07-22 12:00:00
PRD95203,208342.47,67,841,2024-03-22 14:00:00
PRD62124,328861.81,44,545,2024-09-26 11:00:00
PRD94960,137958.92,64,556,2024-10-02 14:00:00
PRD98595,301894.18,38,347,2024-04-12 12:00:00
PRD22474,75003.19,74,717,2024-02-20 15:00:00
PRD45587,29349.86,60,312,2024-09-04 00:00:00
PRD53332,430201.08,52,939,2024-07-16 03:00:00
PRD11160,382096.64,26,177,2024-05-03 01:00:00
PRD34189,81405.15,65,483,2024-06-15 10:00:00
PRD69481,14324.57,82,984,2024-05-29 03:00:00
PRD85724,66534.54,82,943,2024-02-13 04:00:00
PRD36556,132299.6,49,102,2024-08-24 08:00:00
PRD18911,265794.47,58,818,2024-04-02 21:00:00
PRD82454,328048.43,53,813,2024-09-14 20:00:00
PRD10146,213783.15,64,974,2024-02-06 04:00:00
PRD52622,405170.32,31,177,2024-10-21 18:00:00
PRD66609,356925.32,33,73,2024-05-09 09:00:00
PRD44364,41221.52,69,539,2024-05-25 20:00:00
PRD30499,110593.54,68,747,2024-08-31 11:00:00
PRD54024,573186.15,16,70,2024-10-02 12:00:00
PRD37779,121025.85,61,594,2024-01-29 16:00:00
PRD73397,334476.4,36,297,2024-04-05 09:00:00
PRD26808,7371.4,73,732,2024-01-23 10:00:00
PRD37127,272385.62,41,103,2024-08-24 02:00:00
PRD70089,193103.97,65,884,2024-04-20 18:00:00
PRD93377,208825.71,57,547,2024-05-23 05:00:00
PRD53929,153586.74,45,29,2024-09-09 09:00:00
PRD17042,292479.0,37,266,2024-04-01 14:00:00
PRD30520,246690.3,56,684,2024-08-30 00:00:00
PRD98959,271962.51,42,206,2024-04-01 14:00:00
PRD15862,115637.85,55,274,2024-01-08 01:00:00
PRD42777,64581.55,68,705,2024-10-09 17:00:00
PRD55050,475949.11,40,848,2024-10-11 06:00:00
PRD80829,443315.48,27,235,2024-09-27 22:00:00
PRD17955,337843.48,59,970,2024-04-22 01:00:00
PRD57469,116728.04,71,822,2024-09-20 17:00:00
PRD50200,355039.73,28,7,2024-08-16 20:00:00
PRD24200,217154.41,62,812,2024-04-07 23:00:00
PRD86802,467230.03,41,845,2024-07-04 11:00:00
PRD82775,123829.73,58,538,2024-02-19 10:00:00
PRD65886,292004.88,45,408,2024-08-01 01:00:00
PRD33965,403771.49,51,907,2024-04-07 09:00:00
PRD67105,35886.53,71,735,2024-02-21 04:00:00
PRD12911,292190.58,56,898,2024-03-07 17:00:00
PRD77667,277470.41,61,975,2024-04-10 15:00:00
PRD86295,459195.22,44,922,2024-03-28 05:00:00
PRD29385,114463.67,55,418,2024-04-23 17:00:00
PRD13475,278340.27,52,761,2024-10-26 05:00:00
PRD62033,225751.64,51,562,2024-08-11 00:00:00
PRD15900,456607.55,21,27,2024-10-16 08:00:00
PRD65175,322914.87,46,563,2024-04-04 08:00:00
PRD17185,118324.93,62,475,2024-02-12 09:00:00
PRD57231,280541.07,32,9,2024-10-21 14:00:00
PRD80185,336455.12,36,232,2024-07-20 01:00:00
PRD10574,234328.34,37,152,2024-04-03 03:00:00
PRD31602,17515.55,54,63,2024-02-18 17:00:00
PRD58053,248344.99,43,229,2024-04-18 10:00:00
PRD40428,119613.89,74,860,2024-04-10 14:00:00
PRD99237,129217.71,60,651,2024-01-19 21:00:00
PRD14528,430712.94,25,206,2024-09-17 01:00:00
PRD75639,40791.65,62,385,2024-06-15 02:00:00
PRD74765,34436.55,55,208,2024-06-30 02:00:00
PRD33136,82885.25,64,629,2024-05-10 23:00:00
PRD50088,323962.86,35,294,2024-08-11 12:00:00
PRD88268,211524.12,57,517,2024-02-05 09:00:00
PRD66696,319880.29,56,763,2024-04-11 13:00:00
PRD64410,168612.11,62,707,2024-05-12 05:00:00
PRD21859,162128.54,56,379,2024-07-20 02:00:00
PRD89621,531078.23,22,210,2024-04-05 19:00:00
PRD67523,137323.21,64,675,2024-09-22 07:00:00
PRD73101,281634.45,38,218,2024-09-10 03:00:00
PRD29539,231047.08,61,751,2024-05-09 03:00:00
PRD85904,34900.06,69,671,2024-06-07 13:00:00
PRD44994,391347.17,36,273,2024-07-26 01:00:00
PRD98330,549047.06,27,602,2024-09-18 19:00:00
PRD80177,54276.4,81,936,2024-09-13 04:00:00
PRD41889,238873.03,46,348,2024-04-01 06:00:00
PRD96700,125846.82,71,875,2024-09-06 19:00:00
PRD78731,107572.89,72,880,2024-02-21 08:00:00
PRD19280,221996.11,52,338,2024-10-11 07:00:00
PRD36459,36624.14,67,437,2024-10-15 22:00:00
PRD77874,2981.42,75,726,2024-09-06 05:00:00
PRD81772,429415.98,37,543,2024-03-15 16:00:00
PRD60496,298520.69,36,282,2024-05-03 13:00:00
PRD71011,99378.32,69,656,2024-01-22 01:00:00
PRD35673,219481.88,55,674,2024-04-30 00:00:00
PRD59658,294658.61,40,177,2024-01-18 00:00:00
PRD73865,287391.72,36,94,2024-03-06 08:00:00
PRD87473,434559.21,26,241,2024-05-15 20:00:00
PRD62509,469748.35,48,938,2024-07-04 05:00:00
PRD55861,222468.83,57,768,2024-09-09 19:00:00
PRD62738,87774.6,64,555,2024-04-14 21:00:00
PRD96876,310956.53,55,713,2024-03-01 08:00:00
PRD80188,261623.58,47,444,2024-03-15 23:00:00
PRD71256,482282.84,37,662,2024-03-10 14:00:00
PRD62498,386552.74,39,599,2024-05-27 04:00:00
PRD55332,134713.78,70,899,2024-10-14 20:00:00
PRD73612,417048.82,27,15,2024-04-01 16:00:00
PRD22277,440353.55,25,157,2024-01-30 23:00:00
PRD95453,345523.37,57,842,2024-01-15 16:00:00
PRD94500,228183.21,40,216,2024-08-23 22:00:00
PRD18201,132255.47,73,896,2024-03-31 17:00:00
PRD13018,235222.23,67,958,2024-01-21 17:00:00
PRD53304,143249.93,62,689,2024-09-04 17:00:00
PRD94163,37664.6,59,347,2024-08-21 16:00:00
PRD50420,255736.54,50,635,2024-09-07 01:00:00
PRD65950,267798.84,51,547,2024-04-24 17:00:00
PRD71412,358826.09,40,295,2024-06-22 01:00:00
PRD97436,279231.04,35,54,2024-05-01 07:00:00
PRD39919,10989.77,60,149,2024-09-15 16:00:00
PRD89415,575334.3,15,163,2024-02-08 05:00:00
PRD56080,204766.72,57,640,2024-05-05 20:00:00
PRD53376,215338.19,56,741,2024-10-25 07:00:00
PRD68916,138744.78,67,713,2024-03-31 23:00:00
PRD86127,619152.38,23,476,2024-09-01 03:00:00
PRD95884,333785.12,36,248,2024-07-13 09:00:00
PRD35465,247770.36,39,166,2024-03-10 12:00:00
PRD83544,63889.54,54,25,2024-07-20 14:00:00
PRD47196,520357.61,29,576,2024-05-02 06:00:00
PRD44521,317679.0,51,685,2024-08-20 00:00:00
PRD75981,259513.61,37,150,2024-08-18 05:00:00
PRD28111,370438.11,54,835,2024-07-17 11:00:00
PRD96132,119695.26,53,256,2024-05-17 22:00:00
PRD65907,194082.75,63,656,2024-06-08 07:00:00
PRD22154,386739.25,38,367,2024-08-09 18:00:00
PRD97004,380644.77,30,13,2024-05-22 21:00:00
PRD58300,107013.69,63,444,2024-05-05 17:00:00
PRD98218,274587.53,58,750,2024-09-24 17:00:00
PRD87994,148604.87,60,682,2024-10-22 15:00:00
PRD54524,387489.55,27,12,2024-03-03 23:00:00
PRD37393,251150.13,38,206,2024-10-19 06:00:00
PRD91472,343105.64,55,966,2024-02-21 16:00:00
PRD38708,105427.24,65,497,2024-04-05 12:00:00
PRD19753,316347.39,42,375,2024-01-04 21:00:00
PRD77260,154167.79,45,19,2024-03-23 02:00:00
PRD93313,314127.13,58,860,2024-01-05 08:00:00
PRD10236,398971.78,48,777,2024-01-31 04:00:00
PRD37429,33604.04,67,385,2024-07-18 05:00:00
PRD22144,261445.03,50,431,2024-06-19 14:00:00
PRD76080,363755.42,25,50,2024-08-01 06:00:00
PRD38338,475411.53,51,983,2024-10-15 11:00:00
PRD79620,357842.4,50,800,2024-06-12 12:00:00
PRD51697,96413.98,48,49,2024-04-03 11:00:00
PRD66025,196690.5,67,796,2024-06-29 11:00:00
PRD47782,232571.7,39,134,2024-10-06 15:00:00
PRD26282,555456.52,36,834,2024-08-04 13:00:00
PRD95651,524489.09,40,1000,2024-03-18 13:00:00
PRD14825,311178.59,35,50,2024-04-05 06:00:00
PRD50872,269393.37,48,384,2024-10-20 09:00:00
PRD33249,68873.26,63,597,2024-04-25 16:00:00
PRD23704,134304.11,69,968,2024-01-16 02:00:00
PRD29956,366769.88,41,379,2024-01-05 14:00:00
PRD30978,134113.99,47,96,2024-05-24 04:00:00
PRD10866,70798.18,67,548,2024-08-08 10:00:00
PRD54214,321074.94,44,511,2024-08-17 18:00:00
PRD42536,378175.56,39,443,2024-09-20 15:00:00
PRD14396,227480.51,51,552,2024-05-02 22:00:00
PRD13458,182031.1,44,48,2024-10-14 10:00:00
PRD52699,253045.61,60,926,2024-08-06 19:00:00
PRD83293,504021.66,26,264,2024-07-28 22:00:00
PRD90586,385199.26,39,434,2024-09-06 09:00:00
PRD10775,233226.6,65,911,2024-04-24 01:00:00
PRD98026,81278.91,54,259,2024-01-17 12:00:00
PRD74681,393287.63,32,313,2024-05-22 01:00:00
PRD38645,73574.02,78,825,2024-03-02 14:00:00
PRD21611,452198.45,41,584,2024-02-24 14:00:00
PRD44472,115794.57,46,4,2024-07-05 08:00:00
PRD61026,125564.78,76,973,2024-05-29 05:00:00
PRD99944,22564.74,57,98,2024-01-06 17:00:00
PRD32769,73912.31,70,780,2024-06-27 01:00:00
PRD97013,649013.72,25,734,2024-08-09 01:00:00
PRD17725,603439.55,25,573,2024-01-17 02:00:00
PRD74089,161361.51,61,506,2024-04-07 04:00:00
PRD76134,26147.51,72,754,2024-03-11 06:00:00
PRD14006,222053.89,45,113,2024-01-03 18:00:00
PRD53603,284071.32,41,380,2024-05-09 11:00:00
PRD52478,312996.51,49,685,2024-04-04 08:00:00
PRD30938,274899.66,51,527,2024-03-14 06:00:00
PRD38450,416485.16,27,60,2024-01-07 02:00:00
PRD40921,250016.21,52,506,2024-10-08 07:00:00
PRD34289,247775.61,42,70,2024-05-28 03:00:00
PRD63891,49511.76,81,943,2024-02-14 17:00:00
PRD91717,212887.51,49,272,2024-10-06 22:00:00
PRD92562,228819.73,53,634,2024-10-02 06:00:00
PRD63171,19147.09,64,224,2024-03-22 21:00:00
PRD15552,290391.27,62,987,2024-06-15 19:00:00
PRD82255,246315.72,64,931,2024-01-08 11:00:00
PRD97285,97719.66,75,909,2024-06-01 19:00:00
PRD67322,450116.67,24,149,2024-07-11 10:00:00
PRD63504,18612.75,68,428,2024-08-12 21:00:00
PRD49001,137765.58,70,777,2024-04-28 12:00:00
PRD56523,430908.71,49,873,2024-08-15 15:00:00
PRD78326,237637.17,53,664,2024-04-28 19:00:00
PRD10974,63272.23,72,731,2024-04-03 03:00:00
PRD42395,344558.16,26,74,2024-06-16 14:00:00
PRD73676,280880.76,37,118,2024-04-10 15:00:00
PRD73896,322115.99,60,941,2024-04-10 17:00:00
PRD81291,315554.76,43,413,2024-09-19 05:00:00
PRD61534,307844.02,50,711,2024-03-24 01:00:00
PRD51964,505179.77,37,654,2024-10-20 17:00:00
PRD25249,444895.43,36,635,2024-03-15 03:00:00
PRD98192,34483.8,76,796,2024-02-14 00:00:00
PRD35327,144110.05,69,759,2024-10-18 13:00:00
PRD22486,371670.26,44,632,2024-09-24 17:00:00
PRD54188,355644.3,37,477,2024-05-31 02:00:00
PRD30595,145580.55,48,47,2024-08-01 15:00:00
PRD37781,504609.69,15,62,2024-04-30 09:00:00
PRD94070,393518.73,51,859,2024-06-16 04:00:00
PRD51542,6932.23,60,98,2024-03-17 12:00:00
PRD18043,382161.43,36,451,2024-07-08 05:00:00
PRD52356,453727.28,44,773,2024-10-09 05:00:00
PRD75582,511855.75,33,670,2024-08-02 06:00:00
PRD88072,454365.38,36,482,2024-03-12 03:00:00
PRD75194,129210.52,47,105,2024-07-15 15:00:00
PRD17573,115953.39,66,647,2024-02-08 07:00:00
PRD34332,395263.74,54,850,2024-09-21 06:00:00
PRD64517,553543.22,25,552,2024-03-14 13:00:00
PRD14117,89050.67,57,304,2024-08-19 08:00:00
PRD30029,314800.7,46,577,2024-04-30 21:00:00
PRD13149,219306.63,62,957,2024-05-19 09:00:00
PRD72781,23316.37,68,415,2024-08-07 17:00:00
PRD52476,385770.43,41,689,2024-03-27 19:00:00
PRD79908,193064.61,61,686,2024-04-09 00:00:00
PRD50457,196655.57,40,40,2024-06-08 22:00:00
PRD36241,107035.3,54,155,2024-07-11 05:00:00
PRD32537,221270.96,58,590,2024-08-10 11:00:00
PRD84273,25953.83,74,603,2024-07-29 04:00:00
PRD88514,147624.75,55,353,2024-07-10 05:00:00
PRD11662,459674.0,40,584,2024-09-16 19:00:00
PRD33167,341570.71,26,74,2024-06-14 02:00:00
PRD81157,89695.46,78,947,2024-07-09 06:00:00
PRD66177,336838.62,59,905,2024-03-11 02:00:00
PRD85813,27482.28,66,595,2024-03-04 17:00:00
PRD76044,179221.64,42,114,2024-03-31 07:00:00
PRD34350,514728.52,20,65,2024-06-16 16:00:00
PRD16547,285867.03,47,597,2024-04-16 22:00:00
PRD44628,401025.54,42,689,2024-06-08 06:00:00
PRD77964,351935.14,32,140,2024-08-30 23:00:00
PRD73206,365075.08,35,345,2024-09-06 18:00:00
PRD35759,341727.02,54,714,2024-01-12 07:00:00
PRD56946,32420.1,51,110,2024-02-20 14:00:00
PRD36351,16218.63,64,274,2024-07-21 10:00:00
PRD85425,37473.71,67,626,2024-06-15 22:00:00
PRD27594,97971.99,57,357,2024-05-13 20:00:00
PRD94279,350369.54,26,84,2024-03-09 23:00:00
PRD63010,93066.35,50,51,2024-07-26 23:00:00
PRD59728,82193.71,76,868,2024-10-24 13:00:00
PRD25658,241218.77,46,206,2024-02-08 07:00:00
PRD86826,518586.95,17,230,2024-07-18 07:00:00
PRD52855,313327.22,47,681,2024-01-29 01:00:00
PRD82845,92501.68,64,465,2024-10-22 20:00:00
PRD95434,538518.77,42,888,2024-09-05 01:00:00
PRD97396,31182.49,69,489,2024-09-30 17:00:00
PRD20533,183591.31,50,242,2024-07-23 08:00:00
PRD61746,399877.14,30,172,2024-01-01 08:00:00
PRD14410,148089.24,64,811,2024-02-09 03:00:00
PRD15624,309529.18,50,668,2024-07-20 13:00:00
PRD13254,107753.47,58,532,2024-10-06 20:00:00
PRD73327,74013.28,70,815,2024-01-31 17:00:00
PRD64919,202479.34,50,273,2024-09-14 14:00:00
PRD57938,113491.35,47,154,2024-10-17 13:00:00
PRD78452,9333.69,64,464,2024-08-17 03:00:00
PRD30346,95272.33,56,343,2024-08-09 20:00:00
PRD65027,124172.66,54,329,2024-09-21 01:00:00
PRD40985,225696.82,63,827,2024-07-18 01:00:00
PRD83104,78834.65,71,757,2024-03-20 18:00:00
PRD70799,255984.9,51,450,2024-10-05 08:00:00
PRD35663,21496.38,65,446,2024-10-13 03:00:00
PRD92218,195643.35,67,828,2024-07-29 04:00:00
PRD22471,213225.4,64,785,2024-04-30 10:00:00
PRD71102,187283.32,53,474,2024-01-15 21:00:00
PRD39596,172450.35,44,19,2024-08-10 14:00:00
PRD99669,130292.47,76,989,2024-06-26 05:00:00
PRD64774,194703.66,63,667,2024-04-05 05:00:00
PRD52830,464863.72,30,440,2024-03-04 13:00:00
PRD27444,402992.41,52,928,2024-07-28 13:00:00
PRD11866,35851.47,56,20,2024-03-13 21:00:00
PRD56050,134123.7,71,847,2024-06-26 19:00:00
PRD21477,374089.84,52,887,2024-06-09 08:00:00
PRD10705,382410.49,50,765,2024-03-09 09:00:00
PRD93820,47732.51,52,25,2024-06-30 13:00:00
PRD42219,200375.92,63,876,2024-06-06 18:00:00
PRD81083,74633.83,55,187,2024-03-16 04:00:00
PRD85064,245270.84,55,548,2024-02-22 15:00:00
PRD18174,486650.63,23,314,2024-06-24 22:00:00
PRD71575,49764.1,56,282,2024-05-19 19:00:00
PRD75716,103717.22,67,709,2024-06-27 22:00:00
PRD70106,354283.04,47,793,2024-05-23 05:00:00
PRD35870,170469.35,44,117,2024-02-24 13:00:00
PRD72969,109311.23,74,940,2024-01-07 01:00:00
PRD67855,108892.66,64,745,2024-02-19 20:00:00
PRD61969,139958.8,53,161,2024-04-03 05:00:00
PRD17622,90879.1,49,153,2024-05-11 04:00:00
PRD52640,294274.61,58,777,2024-09-23 23:00:00
PRD11814,224722.28,62,967,2024-01-15 03:00:00
PRD12783,182510.38,54,347,2024-08-18 12:00:00
PRD36931,492051.1,43,762,2024-01-11 02:00:00
PRD43776,431654.65,42,832,2024-09-10 07:00:00
PRD62944,204695.76,40,147,2024-05-16 22:00:00
PRD63903,367980.8,36,347,2024-07-09 01:00:00
PRD22014,172511.24,55,312,2024-08-22 18:00:00
PRD91889,210472.13,66,928,2024-10-02 02:00:00
PRD12839,273867.78,40,122,2024-02-20 18:00:00
PRD21018,58734.03,61,499,2024-04-02 07:00:00
PRD18007,316397.29,56,958,2024-10-03 11:00:00
PRD58987,66757.65,65,619,2024-06-25 17:00:00
PRD17980,122358.84,66,695,2024-02-24 21:00:00
PRD56587,191859.37,43,167,2024-09-03 09:00:00
PRD91677,350161.1,54,943,2024-09-19 10:00:00
PRD83027,89949.78,49,39,2024-05-11 20:00:00
PRD40777,47399.88,69,722,2024-09-21 06:00:00
PRD10410,414875.59,39,490,2024-04-07 18:00:00
PRD44043,523667.78,16,210,2024-06-22 08:00:00
PRD44281,78030.28,67,496,2024-01-21 21:00:00
PRD43487,95812.45,62,414,2024-06-04 05:00:00
PRD77051,191409.13,62,747,2024-07-18 19:00:00
PRD11725,121475.61,43,41,2024-01-18 00:00:00
PRD43267,337170.63,55,769,2024-09-08 00:00:00
PRD20405,341099.51,41,561,2024-09-07 22:00:00
PRD74804,471915.72,37,686,2024-08-21 11:00:00
PRD97249,451741.74,27,177,2024-04-23 01:00:00
PRD95364,16497.07,64,431,2024-05-29 04:00:00
PRD82536,250752.27,44,242,2024-03-09 09:00:00
PRD55587,285542.84,49,693,2024-04-28 20:00:00
PRD58214,98691.25,61,586,2024-07-13 02:00:00
PRD28054,80774.94,74,778,2024-10-15 06:00:00
PRD96773,408239.66,33,293,2024-03-27 19:00:00
PRD86542,43379.95,80,972,2024-09-30 01:00:00
PRD83372,272881.97,62,868,2024-05-29 01:00:00
PRD72846,110422.84,60,508,2024-10-13 02:00:00
PRD51556,481871.21,40,781,2024-08-19 12:00:00
PRD80559,135209.24,47,234,2024-06-24 15:00:00
PRD25831,387042.61,53,843,2024-04-14 21:00:00
PRD26156,322895.3,53,749,2024-06-23 15:00:00
PRD38942,353489.94,52,723,2024-02-18 07:00:00
PRD49739,273645.73,38,88,2024-04-01 05:00:00
PRD49128,326480.78,43,543,2024-09-23 23:00:00
PRD97203,419312.75,50,999,2024-09-19 14:00:00
PRD22779,463416.32,23,150,2024-09-29 14:00:00
PRD85105,160976.15,64,636,2024-04-03 00:00:00
PRD40168,80238.78,51,139,2024-10-20 20:00:00
PRD18142,472233.74,35,471,2024-04-18 12:00:00
PRD58181,63974.85,62,290,2024-09-20 07:00:00
PRD27817,91387.65,49,12,2024-08-23 17:00:00
PRD23639,3444.21,51,5,2024-06-07 19:00:00
PRD31029,490899.37,25,286,2024-04-13 20:00:00
PRD23971,146114.37,45,75,2024-08-06 06:00:00
PRD20859,226894.43,66,967,2024-04-08 12:00:00
PRD94236,233998.83,46,368,2024-05-04 07:00:00
PRD62465,415310.51,43,692,2024-04-14 04:00:00
PRD88624,278315.42,47,478,2024-05-12 02:00:00
PRD80347,373518.47,37,310,2024-06-06 01:00:00
PRD56319,397514.95,47,859,2024-01-27 20:00:00
PRD58658,136661.94,64,781,2024-07-13 07:00:00
PRD67683,178609.5,63,876,2024-10-20 05:00:00
PRD90731,353070.05,31,136,2024-10-04 22:00:00
PRD72180,487609.54,22,213,2024-02-29 12:00:00
PRD62104,71552.37,48,20,2024-02-19 12:00:00
PRD22107,136733.96,55,509,2024-05-06 15:00:00
PRD60628,159405.22,55,400,2024-04-13 17:00:00
PRD19463,271062.29,66,951,2024-10-09 14:00:00
PRD25516,79010.52,72,662,2024-01-23 06:00:00
PRD46025,35242.77,57,97,2024-03-06 23:00:00
PRD85436,100174.29,71,711,2024-08-27 09:00:00
PRD21328,110936.47,69,626,2024-01-03 16:00:00
PRD14300,322930.95,30,15,2024-03-29 06:00:00
PRD19064,423075.91,43,592,2024-01-15 11:00:00
PRD97331,485184.92,38,813,2024-10-10 21:00:00
PRD80140,255803.92,50,591,2024-05-08 12:00:00
PRD30709,42959.1,68,458,2024-04-28 21:00:00
PRD27250,133536.43,59,523,2024-09-23 18:00:00
PRD36258,475802.65,39,757,2024-08-29 01:00:00
PRD58945,319784.11,51,843,2024-07-04 22:00:00
PRD94121,141105.93,51,294,2024-04-12 16:00:00
PRD62016,434017.69,43,684,2024-05-12 05:00:00
PRD40657,369556.05,48,776,2024-05-15 13:00:00
PRD68553,250477.85,45,187,2024-04-11 14:00:00
PRD96309,96806.63,65,566,2024-01-12 13:00:00
PRD65975,73482.62,51,51,2024-10-10 21:00:00
PRD43789,230390.29,56,513,2024-05-26 22:00:00
PRD77069,163748.0,67,808,2024-01-07 17:00:00
PRD22494,95878.54,76,839,2024-08-07 09:00:00
PRD58117,515726.08,32,610,2024-03-26 06:00:00
PRD24468,220620.62,64,933,2024-03-06 14:00:00
PRD32023,164131.36,48,127,2024-07-11 02:00:00
PRD74404,37940.65,60,232,2024-08-30 13:00:00
PRD24956,286996.29,64,993,2024-09-21 02:00:00
PRD70657,461493.78,36,694,2024-01-28 17:00:00
PRD20510,349143.65,46,639,2024-07-10 13:00:00
PRD57257,245980.32,54,642,2024-02-07 21:00:00
PRD25683,204839.45,47,372,2024-05-28 22:00:00
PRD86175,142636.27,60,511,2024-01-20 12:00:00
PRD11542,105747.42,64,553,2024-04-11 13:00:00
PRD47230,498616.92,46,917,2024-02-05 01:00:00
PRD84949,313720.6,54,902,2024-03-28 03:00:00
PRD51294,69714.95,72,848,2024-01-15 01:00:00
PRD47087,111988.76,62,522,2024-04-06 07:00:00
PRD92497,224041.81,63,720,2024-08-16 07:00:00
PRD68494,153664.06,43,77,2024-08-29 23:00:00
PRD72312,515005.94,48,989,2024-06-03 03:00:00
PRD44955,300739.91,38,181,2024-09-27 05:00:00
PRD51636,88301.6,58,267,2024-01-26 03:00:00
PRD27354,245300.99,51,471,2024-03-05 22:00:00
PRD73629,139208.25,46,16,2024-04-05 21:00:00
PRD57088,357869.58,53,789,2024-03-19 02:00:00
PRD90886,492996.08,23,302,2024-04-17 00:00:00
PRD93559,155728.6,55,320,2024-02-14 02:00:00
PRD57194,325355.57,37,127,2024-01-19 06:00:00
PRD30391,175785.0,40,13,2024-10-13 19:00:00
PRD29106,349961.59,30,202,2024-08-06 09:00:00
PRD80274,203616.34,57,522,2024-07-15 10:00:00
PRD81612,149360.04,58,452,2024-08-17 12:00:00
PRD60109,349802.41,56,814,2024-01-03 16:00:00
PRD30870,155296.86,55,309,2024-01-24 15:00:00
PRD15500,234356.5,66,984,2024-10-13 20:00:00
PRD19707,344443.46,38,346,2024-06-26 12:00:00
PRD81322,157841.47,46,246,2024-02-01 22:00:00
PRD66060,6199.24,75,617,2024-03-26 17:00:00
PRD98078,220776.62,53,537,2024-04-25 08:00:00
PRD38574,253481.15,61,926,2024-08-01 14:00:00
PRD57216,225139.74,38,25,2024-09-28 08:00:00
PRD17862,174803.37,56,500,2024-05-18 06:00:00
PRD44332,272294.56,66,955,2024-04-28 20:00:00
PRD92472,449291.61,44,727,2024-03-22 07:00:00
PRD13384,158547.35,69,982,2024-07-28 12:00:00
PRD23548,514282.76,32,572,2024-02-03 10:00:00
PRD76348,205029.63,43,138,2024-04-07 11:00:00
PRD61592,222627.26,62,785,2024-07-25 06:00:00
PRD69793,356769.4,42,491,2024-10-15 13:00:00
PRD32224,530504.92,36,710,2024-01-08 15:00:00
PRD34595,7375.42,69,595,2024-05-27 21:00:00
PRD12191,66601.35,72,891,2024-03-28 17:00:00
PRD68352,353688.62,53,965,2024-07-11 19:00:00
PRD11866,359998.92,36,216,2024-04-14 03:00:00
PRD80446,9462.36,64,317,2024-07-12 11:00:00
PRD20941,274493.39,51,536,2024-06-17 12:00:00
PRD69291,247434.49,60,777,2024-01-31 10:00:00
PRD63533,330438.54,31,202,2024-03-04 11:00:00
PRD13654,179798.24,69,893,2024-05-05 16:00:00
PRD26857,216628.46,47,343,2024-10-03 04:00:00
PRD69112,186500.72,62,796,2024-10-09 04:00:00
PRD61449,209742.53,44,194,2024-04-18 19:00:00
PRD56455,201148.83,53,320,2024-08-04 17:00:00
PRD75428,150324.11,46,81,2024-09-10 14:00:00
PRD96846,356403.24,45,550,2024-04-22 10:00:00
PRD83438,77648.93,77,803,2024-07-10 17:00:00
PRD10266,423609.59,48,835,2024-04-28 02:00:00
PRD71267,406335.64,51,806,2024-09-05 11:00:00
PRD18559,42621.05,68,663,2024-08-25 19:00:00
PRD37181,286789.67,54,703,2024-07-20 01:00:00
PRD29983,50793.16,57,65,2024-04-24 06:00:00
PRD71622,208994.62,49,252,2024-02-14 06:00:00
PRD40496,207473.37,59,788,2024-01-06 07:00:00
PRD65955,288708.93,38,293,2024-02-17 10:00:00
PRD84723,394716.51,52,793,2024-10-26 23:00:00
PRD14316,29842.86,70,674,2024-06-21 07:00:00
PRD37227,256073.49,49,412,2024-05-12 22:00:00
PRD60768,372658.12,40,558,2024-07-25 07:00:00
PRD96472,114629.71,50,210,2024-10-25 22:00:00
PRD86138,165089.22,62,603,2024-04-22 10:00:00
PRD24785,87042.72,61,455,2024-10-03 02:00:00
PRD53105,251586.71,54,638,2024-10-22 14:00:00
PRD62342,228324.36,52,498,2024-09-24 20:00:00
PRD56008,477007.29,36,731,2024-09-29 03:00:00
PRD34572,501201.21,44,924,2024-02-07 20:00:00
PRD18245,157811.22,66,740,2024-01-29 23:00:00
PRD79016,502876.61,41,818,2024-06-08 01:00:00
PRD83478,93602.18,66,730,2024-08-14 12:00:00
PRD66031,105820.42,58,470,2024-03-09 13:00:00
PRD80405,397543.16,38,420,2024-04-14 09:00:00
PRD10050,248380.5,58,861,2024-05-22 21:00:00
PRD61667,71297.65,58,165,2024-03-26 05:00:00
PRD38209,53083.23,60,273,2024-05-31 19:00:00
PRD27404,59425.07,59,347,2024-02-28 03:00:00
PRD88786,436508.12,51,978,2024-02-20 21:00:00
PRD44876,144329.04,57,596,2024-09-09 05:00:00
PRD15028,236678.99,37,25,2024-05-15 01:00:00
PRD89846,216269.68,54,406,2024-05-04 21:00:00
PRD98621,128556.07,50,245,2024-10-21 20:00:00
PRD86535,388864.32,30,124,2024-06-25 10:00:00
PRD27184,197082.53,63,938,2024-02-29 03:00:00
PRD98770,86772.21,58,337,2024-05-23 18:00:00
PRD26014,134729.29,71,933,2024-01-07 06:00:00
PRD71280,179320.15,61,702,2024-09-11 08:00:00
PRD40252,594368.47,18,345,2024-08-08 00:00:00
PRD84849,116758.91,57,274,2024-07-23 21:00:00
PRD74588,148739.92,53,375,2024-09-19 05:00:00
PRD53284,409524.76,31,124,2024-10-14 03:00:00
PRD24889,104908.82,58,274,2024-08-07 19:00:00
PRD22270,127428.2,62,642,2024-02-19 01:00:00
PRD62233,229073.44,45,267,2024-05-10 01:00:00
PRD68388,7219.0,69,590,2024-06-19 12:00:00
PRD66097,431692.17,37,489,2024-08-18 21:00:00
PRD74214,198287.58,43,50,2024-03-31 17:00:00
PRD12441,176013.63,47,335,2024-06-30 07:00:00
PRD63087,194261.03,50,408,2024-10-09 18:00:00
PRD18727,346601.66,45,517,2024-02-19 00:00:00
PRD11179,371370.57,29,121,2024-07-30 12:00:00
PRD70711,65052.64,47,32,2024-02-24 07:00:00
PRD22715,64086.18,51,165,2024-06-09 17:00:00
PRD36415,119398.21,58,361,2024-06-08 14:00:00
PRD98706,31526.7,81,929,2024-03-11 10:00:00
PRD57017,460977.16,22,228,2024-05-26 23:00:00
PRD88567,261767.33,38,197,2024-02-20 04:00:00
PRD71993,230116.51,58,672,2024-06-27 22:00:00
PRD10982,358826.36,52,835,2024-03-25 08:00:00
PRD99716,516728.56,30,454,2024-04-28 04:00:00
PRD80323,234702.46,44,152,2024-10-07 14:00:00
PRD10637,607065.18,36,968,2024-06-20 06:00:00
PRD42242,388778.89,41,539,2024-05-07 12:00:00
PRD86958,25182.11,75,614,2024-06-11 11:00:00
PRD89005,489182.48,44,995,2024-06-04 19:00:00
PRD71133,102614.21,55,207,2024-02-29 05:00:00
PRD74721,505923.11,30,610,2024-05-31 11:00:00
PRD30385,286687.62,61,994,2024-05-30 16:00:00
PRD61424,204169.11,56,508,2024-03-26 14:00:00
PRD31364,463144.78,26,354,2024-07-14 11:00:00
PRD38714,162249.94,69,928,2024-07-10 14:00:00
PRD69000,270354.98,37,90,2024-10-27 14:00:00
PRD80672,177463.1,55,460,2024-01-07 22:00:00
PRD92068,208806.57,41,105,2024-09-30 07:00:00
PRD58222,184487.18,45,27,2024-03-11 07:00:00
PRD12869,52338.47,76,950,2024-10-18 02:00:00
PRD33168,191396.38,48,195,2024-10-22 22:00:00
PRD79527,3992.07,63,285,2024-10-22 12:00:00
PRD60929,491375.35,24,118,2024-02-03 22:00:00
PRD42881,289333.96,57,893,2024-04-30 01:00:00
PRD70607,485283.0,24,124,2024-03-07 23:00:00
PRD95229,101060.77,78,929,2024-09-30 03:00:00
PRD32376,51720.63,57,156,2024-02-06 01:00:00
PRD46315,474265.97,37,601,2024-04-10 19:00:00
PRD96509,128638.72,49,174,2024-05-06 18:00:00
PRD30448,428255.13,48,972,2024-03-01 12:00:00
PRD60344,527064.02,41,946,2024-02-21 05:00:00
PRD21890,287940.09,36,220,2024-06-01 19:00:00
PRD80266,484915.92,25,272,2024-02-07 18:00:00
PRD50821,309122.29,40,317,2024-07-17 08:00:00
PRD92705,183387.69,46,56,2024-06-02 11:00:00
PRD13691,192047.3,48,414,2024-10-18 20:00:00
PRD45642,62481.07,55,230,2024-03-15 09:00:00
PRD29649,370554.86,41,532,2024-10-23 14:00:00
PRD88916,221609.65,49,494,2024-10-26 21:00:00
PRD17284,22491.17,69,418,2024-06-07 12:00:00
PRD89689,65802.52,66,692,2024-05-18 07:00:00
PRD10617,25085.01,69,402,2024-10-06 18:00:00
PRD92655,38363.67,57,145,2024-05-26 00:00:00
PRD57615,589652.7,41,962,2024-02-02 14:00:00
PRD28056,348982.15,54,950,2024-09-19 05:00:00
PRD24464,101737.98,51,41,2024-04-24 03:00:00
PRD22202,403041.45,41,631,2024-01-11 10:00:00
PRD15789,219491.77,54,444,2024-04-11 18:00:00
PRD89853,151211.78,64,708,2024-09-22 02:00:00
PRD11712,294142.74,44,377,2024-10-05 16:00:00
PRD31353,202985.87,46,148,2024-07-31 10:00:00
PRD33317,418431.44,42,744,2024-10-23 13:00:00
PRD97131,336605.25,51,597,2024-01-03 07:00:00
PRD92173,292687.89,44,315,2024-04-26 19:00:00
PRD71832,440534.82,32,252,2024-05-09 14:00:00
PRD29164,334266.39,54,814,2024-07-26 16:00:00
PRD28972,413725.06,32,427,2024-10-13 13:00:00
PRD45983,481082.24,40,775,2024-10-05 16:00:00
PRD41214,334333.42,57,916,2024-08-20 23:00:00
PRD71272,491273.31,15,21,2024-09-05 23:00:00
PRD41278,488708.64,31,488,2024-01-23 03:00:00
PRD71334,50801.31,79,811,2024-06-27 13:00:00
PRD93486,339258.99,40,467,2024-09-24 21:00:00
PRD24424,96638.04,63,537,2024-10-15 19:00:00
PRD61588,266222.82,47,576,2024-01-26 00:00:00
PRD77244,198619.03,54,457,2024-05-01 08:00:00
PRD45427,140382.65,69,869,2024-05-15 06:00:00
PRD11673,20575.02,76,743,2024-02-17 03:00:00
PRD52233,138745.21,65,794,2024-04-03 08:00:00
PRD89529,498645.34,19,64,2024-10-20 02:00:00
PRD68818,215661.05,57,495,2024-08-18 09:00:00
PRD71175,76586.91,71,656,2024-05-12 19:00:00
PRD12641,552069.28,30,482,2024-07-02 02:00:00
PRD50412,57368.24,54,63,2024-09-12 09:00:00
PRD10848,152293.3,48,245,2024-07-26 09:00:00
PRD42497,37336.27,58,120,2024-04-25 03:00:00
PRD26458,191005.34,62,858,2024-09-07 04:00:00
PRD96294,89495.03,58,400,2024-02-01 02:00:00
PRD23540,28522.52,58,102,2024-03-05 23:00:00
PRD98112,436383.27,46,902,2024-02-25 10:00:00
PRD66735,111333.82,66,586,2024-06-04 00:00:00
PRD31282,107997.64,51,306,2024-06-16 13:00:00
PRD12804,542019.95,44,952,2024-01-21 13:00:00
PRD28636,439426.77,41,663,2024-08-24 02:00:00
PRD48052,366882.82,46,708,2024-02-25 03:00:00
PRD29721,179792.83,53,530,2024-09-11 08:00:00
PRD58859,441698.36,37,492,2024-01-04 21:00:00
PRD78337,230823.56,58,691,2024-04-04 13:00:00
PRD16590,148820.09,54,246,2024-02-02 17:00:00
PRD60229,227620.08,45,127,2024-05-30 12:00:00
PRD58226,134161.12,59,388,2024-07-08 15:00:00
PRD65508,298792.47,53,707,2024-03-03 13:00:00
PRD21811,252035.5,58,714,2024-08-02 13:00:00
PRD57682,329297.34,34,20,2024-07-18 13:00:00
PRD49782,265186.32,47,283,2024-09-03 05:00:00
PRD37420,137000.99,68,737,2024-03-03 13:00:00
PRD94534,153627.04,73,925,2024-02-06 02:00:00
PRD71737,471841.26,20,5,2024-10-16 23:00:00
PRD61385,483871.96,23,121,2024-05-07 07:00:00
PRD86387,379102.36,38,334,2024-05-25 15:00:00
PRD93025,90586.09,60,342,2024-06-25 12:00:00
PRD63879,966.07,75,542,2024-01-20 12:00:00
PRD27412,25507.12,82,974,2024-07-30 01:00:00
PRD69222,164518.71,48,292,2024-10-23 21:00:00
PRD67549,149934.25,56,531,2024-02-06 20:00:00
PRD95819,324365.18,46,627,2024-04-03 18:00:00
PRD86620,191973.05,62,659,2024-06-11 13:00:00
PRD50903,390964.55,35,344,2024-04-03 22:00:00
PRD93723,425551.87,46,939,2024-06-06 16:00:00
PRD76938,204043.84,49,408,2024-10-26 08:00:00
PRD39310,253874.03,49,389,2024-05-29 19:00:00
PRD12184,480453.11,27,411,2024-07-29 22:00:00
PRD85410,236103.18,68,994,2024-04-16 17:00:00
PRD86098,571761.45,18,302,2024-05-31 20:00:00
PRD94667,461074.73,19,102,2024-09-11 17:00:00
PRD53381,397310.39,44,719,2024-08-24 17:00:00
PRD87505,328526.15,35,228,2024-09-30 22:00:00
PRD97137,203166.47,51,548,2024-09-15 09:00:00
PRD50069,269763.59,36,84,2024-04-10 16:00:00
PRD11935,70205.63,53,152,2024-08-19 22:00:00
PRD67213,367606.53,45,525,2024-01-12 13:00:00
PRD10299,144899.56,70,894,2024-09-11 16:00:00
PRD29328,154026.58,41,55,2024-05-14 03:00:00
PRD90049,329141.0,35,93,2024-04-18 22:00:00
PRD92327,218792.77,66,942,2024-01-13 14:00:00
PRD53287,497472.95,37,719,2024-07-24 21:00:00
PRD61010,342548.66,51,752,2024-01-20 12:00:00
PRD88117,236691.8,60,738,2024-05-03 15:00:00
PRD59281,539621.18,11,71,2024-09-30 10:00:00
PRD15404,287379.9,55,669,2024-03-17 11:00:00
PRD63953,41096.9,67,604,2024-01-13 03:00:00
PRD69012,453575.6,32,523,2024-03-30 23:00:00
PRD60443,35783.78,79,824,2024-06-26 01:00:00
PRD16632,75411.16,69,698,2024-09-29 20:00:00
PRD27915,459640.92,33,409,2024-01-14 20:00:00
PRD26154,369903.13,40,413,2024-06-29 12:00:00
PRD34013,306655.12,37,91,2024-04-10 17:00:00
PRD19788,132638.5,51,112,2024-02-02 01:00:00
PRD45730,473933.56,20,92,2024-02-07 06:00:00
PRD65691,156302.16,66,707,2024-08-06 11:00:00
PRD75589,88619.64,72,851,2024-02-05 18:00:00
PRD59527,218920.08,48,247,2024-04-25 10:00:00
PRD34182,264662.63,38,25,2024-01-01 19:00:00
PRD42273,124068.06,54,263,2024-10-09 14:00:00
PRD92812,349206.51,31,51,2024-08-06 15:00:00
PRD45223,135898.78,50,183,2024-10-21 00:00:00
PRD18978,474376.94,35,490,2024-07-14 16:00:00
PRD59320,326936.33,56,911,2024-01-28 09:00:00
PRD60235,310802.84,34,165,2024-05-12 21:00:00
PRD22417,428773.4,44,750,2024-08-08 08:00:00
PRD29228,36760.52,54,192,2024-03-15 07:00:00
PRD59247,53135.96,62,468,2024-08-29 04:00:00
PRD40102,452121.56,26,66,2024-01-30 11:00:00
PRD21471,45763.12,77,738,2024-05-11 10:00:00
PRD55701,452216.57,26,319,2024-09-05 19:00:00
PRD44404,318702.88,40,264,2024-03-31 20:00:00
PRD48502,60744.58,65,554,2024-07-19 04:00:00
PRD22116,332976.26,40,307,2024-09-28 15:00:00
PRD94109,230590.32,63,910,2024-01-24 14:00:00
PRD84350,180998.62,55,349,2024-06-29 12:00:00
PRD83120,346604.7,26,2,2024-09-20 08:00:00
PRD61143,617091.79,11,241,2024-05-20 01:00:00
PRD93642,498260.59,22,284,2024-08-03 16:00:00
PRD55578,426232.71,26,88,2024-01-20 02:00:00
PRD77546,338552.07,37,193,2024-06-26 21:00:00
PRD60728,28665.78,81,955,2024-03-10 04:00:00
PRD30194,490750.34,21,211,2024-01-17 01:00:00
PRD12583,206375.88,55,572,2024-09-01 06:00:00
PRD62400,45286.33,72,697,2024-03-17 13:00:00
PRD32004,383174.59,55,966,2024-02-29 01:00:00
PRD61022,234602.45,43,142,2024-08-08 17:00:00
PRD77660,177856.39,62,773,2024-09-10 01:00:00
PRD74601,46267.14,57,240,2024-10-03 19:00:00
PRD77575,161396.56,70,833,2024-08-31 04:00:00
PRD19055,67390.89,71,676,2024-02-05 07:00:00
PRD39898,65809.63,71,775,2024-06-02 21:00:00
PRD25040,6025.51,66,324,2024-05-21 06:00:00
PRD60547,326156.26,46,619,2024-06-05 23:00:00
PRD80336,26723.97,61,412,2024-09-23 17:00:00
PRD90285,271214.95,53,687,2024-09-21 18:00:00
PRD45221,124415.43,47,173,2024-06-06 09:00:00
PRD20678,151390.86,50,185,2024-04-01 03:00:00
PRD93765,337059.46,38,342,2024-04-07 09:00:00
PRD91679,131859.48,59,502,2024-04-07 03:00:00
PRD68495,81547.71,72,774,2024-01-18 12:00:00
PRD37145,234944.95,70,971,2024-10-17 06:00:00
PRD97249,429094.26,39,642,2024-04-15 06:00:00
PRD23878,41197.59,67,649,2024-08-22 22:00:00
PRD54750,289086.14,60,790,2024-04-29 14:00:00
PRD34127,219409.18,65,976,2024-03-29 03:00:00
PRD16747,507246.58,40,771,2024-05-09 07:00:00
PRD16140,375749.6,29,264,2024-07-28 17:00:00
PRD60480,204926.59,56,539,2024-04-20 13:00:00
PRD51700,465868.27,25,320,2024-05-11 02:00:00
PRD18917,29874.49,66,569,2024-09-24 07:00:00
PRD15039,422458.48,32,362,2024-06-30 03:00:00
PRD13905,324805.37,40,221,2024-06-29 04:00:00
PRD80839,247306.21,36,83,2024-01-31 23:00:00
PRD53826,352766.35,34,340,2024-09-28 10:00:00
PRD48754,335667.24,52,655,2024-08-31 03:00:00
PRD62513,306219.28,48,502,2024-08-10 16:00:00
PRD68828,25424.26,62,334,2024-05-08 09:00:00
PRD83534,441677.56,26,201,2024-09-02 06:00:00
PRD88513,139363.57,51,371,2024-03-18 07:00:00
PRD63525,518535.21,23,161,2024-08-25 13:00:00
PRD19423,478029.87,25,123,2024-08-14 06:00:00
PRD23856,108941.04,75,966,2024-05-04 06:00:00
PRD55794,184336.45,58,612,2024-02-14 08:00:00
PRD68225,232028.17,49,345,2024-06-23 12:00:00
PRD45148,100449.97,65,509,2024-03-01 05:00:00
PRD86128,183381.45,59,732,2024-09-28 06:00:00
PRD38121,117746.93,65,758,2024-06-16 20:00:00
PRD96112,230093.9,52,645,2024-09-23 21:00:00
PRD23979,193950.05,64,953,2024-09-18 15:00:00
PRD55955,43250.44,74,852,2024-06-28 19:00:00
PRD74680,99778.75,59,477,2024-03-03 03:00:00
PRD33546,314797.19,53,907,2024-10-14 06:00:00
PRD32062,311249.12,57,933,2024-06-14 22:00:00
PRD43830,143024.48,65,585,2024-10-01 15:00:00
PRD50494,90233.11,76,982,2024-07-12 06:00:00
PRD41763,285022.11,32,33,2024-02-06 10:00:00
PRD15876,26633.77,63,266,2024-06-17 07:00:00
PRD37162,251468.54,55,704,2024-04-13 05:00:00
PRD47584,214186.06,56,463,2024-03-25 14:00:00
PRD41919,24077.21,74,842,2024-09-29 01:00:00
PRD84995,263569.65,40,58,2024-03-29 14:00:00
PRD86220,456329.46,38,649,2024-09-02 09:00:00
PRD47463,177147.18,49,126,2024-02-04 01:00:00
PRD41649,439961.94,30,422,2024-06-06 21:00:00
PRD42952,140542.91,45,100,2024-01-03 17:00:00
PRD39413,522809.07,23,406,2024-07-21 10:00:00
PRD15707,518429.77,31,441,2024-06-06 06:00:00
PRD94767,341099.01,54,746,2024-06-26 03:00:00
PRD44903,15441.59,60,171,2024-02-10 15:00:00
PRD27041,215058.39,35,5,2024-05-22 07:00:00
PRD41886,124513.27,66,831,2024-01-18 13:00:00
PRD96648,224040.76,55,657,2024-04-27 07:00:00
PRD33513,481507.65,42,793,2024-08-22 15:00:00
PRD38364,418097.86,27,181,2024-02-26 12:00:00
PRD52370,222591.31,49,375,2024-05-06 22:00:00
PRD57233,185606.66,64,771,2024-10-06 01:00:00
PRD14840,601864.22,8,48,2024-03-25 05:00:00
PRD18591,223404.42,53,438,2024-06-11 18:00:00
PRD94010,147229.43,66,901,2024-06-21 08:00:00
PRD39291,90493.15,68,671,2024-02-29 15:00:00
PRD73652,243867.58,49,343,2024-07-27 14:00:00
PRD95659,33970.65,50,9,2024-10-01 05:00:00
PRD45611,243181.11,43,154,2024-06-21 05:00:00
PRD96808,351686.17,31,131,2024-10-25 12:00:00
PRD61938,303036.3,48,673,2024-07-04 22:00:00
PRD16269,188830.84,50,336,2024-02-06 11:00:00
PRD23821,403644.26,46,687,2024-08-05 18:00:00
PRD32112,273408.71,51,633,2024-03-25 14:00:00
PRD23866,37395.04,73,788,2024-02-09 23:00:00
PRD13148,155333.39,65,638,2024-09-01 13:00:00
PRD62031,135289.55,48,261,2024-01-15 16:00:00
PRD16981,56253.58,78,850,2024-10-25 03:00:00
PRD93296,309097.09,38,381,2024-02-19 22:00:00
PRD17958,122072.62,56,231,2024-07-12 04:00:00
PRD97913,232193.04,62,833,2024-02-19 12:00:00
PRD97440,388009.33,32,161,2024-04-18 02:00:00
PRD89131,306846.78,38,354,2024-04-05 20:00:00
PRD23664,382718.43,48,871,2024-06-15 15:00:00
PRD33713,204502.08,53,481,2024-08-01 03:00:00
PRD77779,4230.22,78,774,2024-01-02 00:00:00
PRD66096,589339.4,24,418,2024-05-02 13:00:00
PRD55957,190194.44,37,35,2024-09-02 00:00:00
PRD56345,132384.28,51,195,2024-05-19 18:00:00
PRD67319,167679.18,53,235,2024-01-25 17:00:00
PRD22336,544161.7,24,290,2024-03-31 12:00:00
PRD44671,311317.25,49,509,2024-07-11 11:00:00
PRD24544,77246.87,59,235,2024-07-31 04:00:00
PRD46130,118794.39,50,153,2024-08-22 08:00:00
PRD45260,227162.8,40,249,2024-10-20 12:00:00
PRD61016,27547.34,60,171,2024-07-04 01:00:00
PRD81355,35573.09,52,34,2024-10-07 10:00:00
PRD33317,330107.91,41,458,2024-04-19 02:00:00
PRD87950,199683.77,46,238,2024-05-31 01:00:00
PRD79311,13157.04,69,376,2024-09-17 02:00:00
PRD66533,131057.85,71,870,2024-10-10 22:00:00
PRD64519,238388.8,49,547,2024-07-22 14:00:00
PRD72809,351643.37,52,917,2024-04-27 22:00:00
PRD58952,71682.34,63,390,2024-10-24 18:00:00
PRD32157,556424.7,38,917,2024-07-06 13:00:00
PRD67883,435987.59,45,830,2024-07-16 12:00:00
PRD80501,281344.59,60,955,2024-05-08 06:00:00
PRD69014,176484.14,62,840,2024-02-11 06:00:00
PRD28727,457183.43,28,306,2024-04-03 05:00:00
PRD71635,559778.43,39,940,2024-06-07 21:00:00
PRD88415,288793.78,47,389,2024-05-28 13:00:00
PRD77216,229765.09,37,30,2024-02-22 22:00:00
PRD40471,91438.63,56,256,2024-01-03 16:00:00
PRD27068,370013.11,37,485,2024-03-01 11:00:00
PRD79730,39708.04,76,708,2024-04-25 01:00:00
PRD92306,340812.83,39,438,2024-10-19 08:00:00
PRD43243,130298.99,57,501,2024-02-18 15:00:00
PRD18917,109867.02,56,339,2024-07-16 22:00:00
PRD48414,132935.68,70,944,2024-02-08 19:00:00
PRD15470,234076.49,64,815,2024-06-05 09:00:00
PRD12920,276934.16,59,919,2024-10-18 15:00:00
PRD30010,127671.72,61,478,2024-03-06 18:00:00
PRD51699,318088.81,46,624,2024-05-27 18:00:00
PRD79425,388115.92,41,632,2024-04-14 09:00:00
PRD62173,421866.49,47,750,2024-10-22 17:00:00
PRD57797,439900.99,37,542,2024-06-25 20:00:00
PRD21969,289542.16,58,795,2024-02-03 09:00:00
PRD99993,501668.43,29,542,2024-06-19 19:00:00
PRD66896,376831.23,44,722,2024-05-07 02:00:00
PRD85145,74916.72,52,89,2024-01-28 23:00:00
PRD61854,159255.88,64,793,2024-03-15 11:00:00
PRD16988,74686.16,63,433,2024-02-10 19:00:00
PRD84425,155290.63,66,645,2024-02-23 11:00:00
PRD33652,580723.04,39,971,2024-04-26 07:00:00
PRD70396,291022.83,46,535,2024-01-04 11:00:00
PRD88744,97025.64,57,245,2024-10-23 10:00:00
PRD43830,94222.58,66,770,2024-06-23 05:00:00
PRD34912,411145.26,25,10,2024-02-24 12:00:00
PRD28632,528975.47,30,667,2024-02-06 16:00:00
PRD18821,289911.31,49,669,2024-09-28 13:00:00
PRD73046,170914.32,61,540,2024-05-04 05:00:00
PRD78565,511751.27,37,748,2024-01-13 18:00:00
PRD42697,115989.49,63,534,2024-06-01 13:00:00
PRD49320,112677.2,59,437,2024-05-19 03:00:00
PRD50299,14992.99,61,316,2024-08-07 15:00:00
PRD79755,27047.94,63,300,2024-08-30 00:00:00
PRD23180,176619.66,62,780,2024-08-04 12:00:00
PRD63495,83880.25,57,306,2024-09-12 02:00:00
PRD27871,298809.85,44,303,2024-02-26 11:00:00
PRD23040,303604.39,46,549,2024-10-01 05:00:00
PRD40059,261693.83,42,206,2024-07-09 07:00:00
PRD99166,15008.24,72,751,2024-05-28 18:00:00
PRD29951,314386.01,31,134,2024-10-06 18:00:00
PRD67552,377195.92,53,813,2024-01-29 23:00:00
PRD72089,150492.84,49,342,2024-06-28 09:00:00
PRD77466,83721.88,61,549,2024-03-25 14:00:00
PRD96794,116303.22,69,672,2024-07-31 23:00:00
PRD11493,260905.47,52,611,2024-06-20 19:00:00
PRD99663,11092.28,61,227,2024-06-26 10:00:00
PRD95455,127932.78,66,800,2024-04-16 15:00:00
PRD31126,362448.84,30,181,2024-08-21 04:00:00
PRD46539,2948.07,54,53,2024-06-10 18:00:00
PRD32989,242505.55,40,179,2024-09-03 00:00:00
PRD38195,402560.71,45,637,2024-01-27 16:00:00
PRD28149,445648.77,20,21,2024-07-01 22:00:00
PRD49677,436477.5,45,832,2024-03-30 15:00:00
PRD73145,75572.33,65,466,2024-01-25 01:00:00
PRD97577,36707.75,63,503,2024-03-10 13:00:00
PRD88137,349062.18,56,831,2024-01-09 20:00:00
PRD14487,242679.88,46,238,2024-01-16 18:00:00
PRD65364,255235.48,41,308,2024-01-27 11:00:00
PRD63412,69776.71,60,243,2024-08-26 15:00:00
PRD64974,20000.08,68,444,2024-08-25 11:00:00
PRD43421,379500.34,32,124,2024-10-01 18:00:00
PRD79980,67412.37,80,982,2024-02-28 00:00:00
PRD47577,420813.1,43,708,2024-04-13 06:00:00
PRD97969,290743.61,46,416,2024-03-04 12:00:00
PRD97448,474551.64,21,149,2024-03-22 04:00:00
PRD98961,252342.06,41,50,2024-10-12 12:00:00
PRD16745,415955.5,36,482,2024-02-02 09:00:00
PRD89388,479240.14,19,120,2024-07-13 14:00:00
PRD40673,117652.01,63,500,2024-10-25 01:00:00
PRD86400,292447.09,56,675,2024-09-16 15:00:00
PRD56820,566855.37,13,125,2024-03-06 10:00:00
PRD75090,238921.38,38,98,2024-07-29 00:00:00
PRD70986,152552.8,42,23,2024-04-04 00:00:00
PRD45861,592682.37,14,242,2024-09-18 21:00:00
PRD51702,130734.74,60,626,2024-06-01 01:00:00
PRD88789,290726.75,45,287,2024-06-06 21:00:00
PRD91337,540336.86,15,74,2024-08-21 11:00:00
PRD71649,54227.91,47,35,2024-10-08 11:00:00
PRD48744,419030.38,37,631,2024-09-03 03:00:00
PRD59669,78322.43,54,83,2024-08-09 19:00:00
PRD49860,265278.08,62,814,2024-05-09 16:00:00
PRD81368,24776.23,57,262,2024-08-10 09:00:00
PRD81922,220012.82,43,52,2024-05-05 02:00:00
PRD78901,283690.22,39,148,2024-04-19 17:00:00
PRD49742,9619.4,85,940,2024-01-18 10:00:00
PRD10635,228795.22,49,277,2024-10-21 01:00:00
PRD87611,372298.75,45,519,2024-06-20 19:00:00
PRD32347,249594.49,36,30,2024-01-27 00:00:00
PRD60604,97464.48,45,25,2024-05-17 14:00:00
PRD79867,140925.17,68,729,2024-06-09 15:00:00
PRD37071,74394.14,58,451,2024-06-30 15:00:00
PRD42043,243111.26,57,626,2024-07-04 11:00:00
PRD72462,68009.09,76,940,2024-02-02 02:00:00
PRD16893,189432.94,59,704,2024-09-29 13:00:00
PRD54391,290463.35,61,995,2024-02-10 07:00:00
PRD12948,34814.7,53,189,2024-07-13 10:00:00
PRD78141,253295.4,44,342,2024-01-12 15:00:00
PRD29681,337922.53,40,528,2024-03-23 01:00:00
PRD89399,130915.02,65,715,2024-03-16 21:00:00
PRD74694,334991.23,47,548,2024-08-22 07:00:00
PRD13288,63406.05,54,255,2024-05-08 04:00:00
PRD74332,420909.01,35,452,2024-05-01 07:00:00
PRD77119,42756.23,68,576,2024-04-10 12:00:00
PRD47569,392479.81,42,672,2024-05-30 13:00:00
PRD68681,460532.07,19,78,2024-01-01 02:00:00
PRD14190,330188.99,47,584,2024-04-06 15:00:00
PRD54817,134218.02,55,453,2024-01-19 01:00:00
PRD58241,320071.28,47,559,2024-03-27 10:00:00
PRD93595,208794.27,39,154,2024-09-18 00:00:00
PRD67154,521567.55,42,848,2024-06-17 14:00:00
PRD38855,180500.84,53,298,2024-03-04 05:00:00
PRD12364,212480.57,38,122,2024-05-11 02:00:00
PRD50852,338564.49,43,480,2024-06-28 08:00:00
PRD26537,294105.87,54,639,2024-04-28 03:00:00
PRD96776,416621.57,39,558,2024-09-27 16:00:00
PRD61696,373615.43,30,235,2024-03-17 19:00:00
PRD46613,34959.93,59,379,2024-06-08 06:00:00
PRD53625,271471.97,47,508,2024-09-22 12:00:00
PRD48149,136353.17,72,795,2024-01-03 15:00:00
PRD75943,120676.31,62,662,2024-10-04 16:00:00
PRD99394,162654.92,71,873,2024-07-18 16:00:00
PRD68013,55388.83,59,420,2024-07-27 14:00:00
PRD42804,320012.93,35,233,2024-08-03 04:00:00
PRD47706,251499.74,51,619,2024-01-22 05:00:00
PRD25881,147968.78,51,152,2024-05-11 09:00:00
PRD74358,378957.55,54,836,2024-01-10 07:00:00
PRD18501,276860.07,42,395,2024-03-26 11:00:00
PRD62828,228178.9,46,450,2024-05-02 22:00:00
PRD46852,82836.8,63,549,2024-10-01 22:00:00
PRD22440,175080.9,59,568,2024-08-24 01:00:00
PRD19309,199325.08,45,105,2024-05-16 03:00:00
PRD23961,264825.95,37,124,2024-01-30 16:00:00
PRD92687,189580.53,62,873,2024-05-24 10:00:00
PRD32822,430680.14,31,205,2024-01-30 23:00:00
PRD51609,321070.87,58,964,2024-03-09 15:00:00
PRD82622,264522.03,41,160,2024-09-14 20:00:00
PRD23952,250163.15,38,60,2024-08-26 14:00:00
PRD23753,92643.87,80,942,2024-05-24 09:00:00
PRD16639,170120.9,64,874,2024-05-16 15:00:00
PRD53298,21836.17,72,656,2024-05-24 22:00:00
PRD71840,306649.76,45,534,2024-03-20 10:00:00
PRD59809,25623.42,66,415,2024-04-16 08:00:00
PRD27097,412998.48,29,206,2024-06-27 23:00:00
PRD83839,111984.24,60,541,2024-01-17 13:00:00
PRD71941,165692.07,60,472,2024-03-08 06:00:00
PRD67940,428245.12,38,566,2024-03-31 17:00:00
PRD35642,99586.94,45,60,2024-08-04 10:00:00
PRD72926,109626.56,50,96,2024-04-03 09:00:00
PRD89328,473827.3,17,31,2024-07-28 02:00:00
PRD35478,156185.57,56,551,2024-10-16 19:00:00
PRD46886,412709.4,34,513,2024-06-29 18:00:00
PRD38363,160992.61,70,842,2024-04-24 10:00:00
PRD99393,270423.55,56,615,2024-01-03 01:00:00
PRD31959,103559.65,68,616,2024-02-12 13:00:00
PRD35022,128822.19,49,32,2024-04-10 19:00:00
PRD80861,274918.88,32,30,2024-03-07 09:00:00
PRD72412,191945.97,65,753,2024-04-17 17:00:00
PRD40573,162654.45,49,257,2024-09-07 16:00:00
PRD57343,241849.83,40,24,2024-08-08 04:00:00
PRD32309,264774.95,47,405,2024-07-30 14:00:00
PRD43752,122789.0,48,136,2024-10-15 00:00:00
PRD56276,336453.71,41,451,2024-02-13 12:00:00
PRD12931,3519.54,60,290,2024-10-09 17:00:00
PRD71156,74609.68,71,704,2024-06-22 03:00:00
PRD28562,30313.52,75,825,2024-08-22 03:00:00
PRD33059,210475.5,68,850,2024-08-15 21:00:00
PRD77618,203573.96,48,357,2024-05-02 07:00:00
PRD77654,538881.58,17,193,2024-07-16 14:00:00
PRD19517,533226.38,37,639,2024-04-29 18:00:00
PRD47368,30943.76,66,540,2024-08-25 09:00:00
PRD13722,297464.69,38,283,2024-02-13 18:00:00
PRD77433,354367.91,54,851,2024-04-15 10:00:00
PRD53226,88228.94,54,162,2024-07-10 23:00:00
PRD94113,323763.54,50,695,2024-04-02 09:00:00
PRD68753,89066.33,56,199,2024-09-08 13:00:00
PRD18571,406789.45,40,472,2024-07-18 16:00:00
PRD19915,182480.36,49,386,2024-09-14 00:00:00
PRD51266,75990.82,78,950,2024-01-04 21:00:00
PRD76100,213852.79,59,718,2024-03-13 15:00:00
PRD67538,348368.18,43,572,2024-02-25 09:00:00
PRD13135,184603.64,61,823,2024-01-22 14:00:00
PRD78763,552751.3,20,221,2024-05-29 02:00:00
PRD41948,13550.92,83,853,2024-01-15 13:00:00
PRD48453,517266.48,30,644,2024-07-21 16:00:00
PRD56129,256184.62,53,551,2024-09-02 04:00:00
PRD99142,267294.22,50,660,2024-02-10 09:00:00
PRD68218,232034.95,62,839,2024-04-01 05:00:00
PRD75891,411956.67,30,96,2024-01-19 02:00:00
PRD51758,2987.87,63,165,2024-07-09 19:00:00
PRD25445,105322.67,61,418,2024-04-20 08:00:00
PRD77618,320527.7,36,154,2024-09-23 02:00:00
PRD90594,207738.53,64,938,2024-09-25 05:00:00
PRD40049,71154.66,81,936,2024-05-11 13:00:00
PRD67200,167325.79,52,367,2024-07-16 22:00:00
PRD35779,21447.72,76,878,2024-01-01 05:00:00
PRD13885,290130.26,57,743,2024-03-31 17:00:00
PRD43688,67400.23,48,99,2024-06-19 18:00:00
PRD72630,61484.45,72,773,2024-03-14 13:00:00
PRD76827,253110.48,41,258,2024-01-07 07:00:00
PRD15235,427183.53,25,173,2024-04-10 10:00:00
PRD81714,41347.81,48,19,2024-04-22 09:00:00
PRD43267,370840.56,42,669,2024-04-03 08:00:00
PRD30203,250976.91,65,995,2024-10-21 21:00:00
PRD95051,398043.98,41,625,2024-10-03 22:00:00
PRD44918,362480.49,41,404,2024-07-16 17:00:00
PRD46327,330350.2,48,529,2024-02-26 03:00:00
PRD13301,145383.52,72,920,2024-04-16 12:00:00
PRD19721,45473.13,58,124,2024-03-08 11:00:00
PRD53646,292087.16,56,656,2024-03-19 12:00:00
PRD40810,408042.73,28,16,2024-01-09 15:00:00
PRD98304,364913.59,29,167,2024-10-02 19:00:00
PRD41791,365199.71,29,156,2024-09-20 12:00:00
PRD79432,210255.06,48,356,2024-03-13 05:00:00
PRD59946,248219.58,45,285,2024-09-29 14:00:00
PRD90158,378470.14,46,579,2024-07-20 22:00:00
PRD51866,70656.42,57,314,2024-06-27 15:00:00
PRD13754,68711.88,73,716,2024-06-23 23:00:00
PRD69688,610639.66,16,134,2024-01-07 10:00:00
PRD21645,18353.83,53,109,2024-08-09 11:00:00
PRD26810,370968.1,53,948,2024-03-30 01:00:00
PRD26201,46243.24,61,249,2024-02-17 17:00:00
PRD41076,241564.68,60,687,2024-06-27 10:00:00
PRD60254,112150.58,53,159,2024-05-31 13:00:00
PRD79593,553701.02,37,756,2024-09-13 04:00:00
PRD31836,113943.82,48,64,2024-01-30 21:00:00
PRD31858,84594.31,76,956,2024-01-03 06:00:00
PRD27683,505699.86,30,513,2024-10-06 02:00:00
PRD38470,611954.37,11,143,2024-10-11 20:00:00
PRD15824,224129.67,55,604,2024-03-04 14:00:00
PRD16764,252785.91,41,308,2024-03-12 06:00:00
PRD16693,242114.25,48,445,2024-06-05 15:00:00
PRD90047,435097.65,21,15,2024-05-09 09:00:00
PRD72528,6533.94,56,178,2024-06-15 05:00:00
PRD51082,241897.71,62,917,2024-04-20 20:00:00
PRD22798,140652.78,44,114,2024-02-21 17:00:00
PRD29980,183033.11,65,941,2024-04-09 21:00:00
PRD31583,561796.29,32,643,2024-05-02 00:00:00
PRD91769,24653.5,58,227,2024-10-10 22:00:00
PRD91926,404859.76,44,773,2024-04-04 15:00:00
PRD74720,196996.26,39,55,2024-08-05 23:00:00
PRD39787,427117.06,45,912,2024-08-02 12:00:00
PRD33156,26588.47,62,212,2024-03-14 22:00:00
PRD27080,151508.68,60,489,2024-09-25 17:00:00
PRD48730,314626.93,31,162,2024-08-11 18:00:00
PRD36698,67670.33,69,746,2024-08-16 16:00:00
PRD49083,353141.36,52,968,2024-05-25 22:00:00
PRD71437,412018.24,44,737,2024-01-08 13:00:00
PRD31213,148414.22,50,254,2024-04-10 19:00:00
PRD11238,162629.96,46,238,2024-01-15 07:00:00
PRD26150,226684.12,53,668,2024-01-26 16:00:00
PRD56984,268016.59,57,863,2024-01-17 06:00:00
PRD44628,269022.93,39,232,2024-02-24 17:00:00
PRD81327,68791.64,57,199,2024-01-07 19:00:00
PRD55984,257570.1,54,632,2024-04-08 12:00:00
PRD18216,480681.08,38,722,2024-03-26 01:00:00
PRD34079,314832.55,47,533,2024-10-08 10:00:00
PRD45955,306295.18,42,459,2024-03-09 04:00:00
PRD23564,455653.29,49,962,2024-05-21 03:00:00
PRD40227,15162.96,53,66,2024-09-08 22:00:00
PRD53068,165549.92,40,22,2024-03-27 22:00:00
PRD73742,227439.43,47,369,2024-05-30 19:00:00
PRD61750,112009.75,69,876,2024-05-17 23:00:00
PRD29633,330592.04,36,100,2024-04-15 23:00:00
PRD15039,366102.61,31,50,2024-06-22 22:00:00
PRD65332,291895.53,50,485,2024-06-28 17:00:00
PRD24487,282440.81,44,482,2024-03-06 17:00:00
PRD56000,128466.15,52,377,2024-01-28 16:00:00
PRD87399,401308.29,47,810,2024-05-12 19:00:00
PRD49744,263653.5,60,812,2024-03-23 03:00:00
PRD16437,399034.72,41,564,2024-01-31 01:00:00
PRD48538,390191.22,27,177,2024-03-09 13:00:00
PRD67276,169205.05,45,238,2024-08-17 10:00:00
PRD69580,342632.83,33,116,2024-07-10 21:00:00
PRD79211,135729.35,71,904,2024-07-20 23:00:00
PRD81456,283724.33,37,14,2024-05-04 17:00:00
PRD89858,291255.94,45,331,2024-06-20 17:00:00
PRD40656,336742.13,39,444,2024-06-16 02:00:00
PRD21807,251557.37,52,418,2024-05-07 01:00:00
PRD46967,266087.59,38,26,2024-05-14 13:00:00
PRD78485,94446.89,54,179,2024-03-22 17:00:00
PRD57418,114596.69,48,177,2024-05-11 14:00:00
PRD91246,271516.57,41,367,2024-06-27 21:00:00
PRD74270,456569.81,40,625,2024-10-19 14:00:00
PRD24471,499056.06,26,416,2024-02-04 16:00:00
PRD46900,393261.56,30,57,2024-02-17 08:00:00
PRD95419,87469.16,71,902,2024-06-14 02:00:00
PRD37792,302912.94,32,146,2024-01-11 03:00:00
PRD44431,427588.89,45,925,2024-04-26 06:00:00
PRD60671,145937.63,54,344,2024-07-18 02:00:00
PRD46226,611938.05,11,102,2024-05-04 15:00:00
PRD87013,41242.64,55,68,2024-06-15 21:00:00
PRD16462,97314.73,58,474,2024-09-08 18:00:00
PRD79129,88152.45,62,519,2024-10-21 09:00:00
PRD19496,131592.58,73,912,2024-03-27 05:00:00
PRD50020,569418.0,24,462,2024-08-25 07:00:00
PRD78613,407538.9,38,350,2024-04-17 00:00:00
PRD49756,435826.0,45,921,2024-05-12 15:00:00
PRD51275,380843.67,31,218,2024-10-27 00:00:00
PRD80406,74475.94,57,234,2024-01-09 17:00:00
PRD34818,270955.16,43,337,2024-03-30 13:00:00
PRD84987,556874.43,40,824,2024-09-28 05:00:00
PRD28803,297297.1,54,860,2024-03-26 18:00:00
PRD50279,133691.13,77,993,2024-10-24 07:00:00
PRD25975,269081.56,48,474,2024-02-08 12:00:00
PRD78179,209157.63,46,289,2024-03-18 21:00:00
PRD16255,307639.4,37,347,2024-01-06 17:00:00
PRD34498,443420.76,20,130,2024-05-19 00:00:00
PRD23152,328152.75,35,157,2024-07-24 13:00:00
PRD22901,206537.12,69,978,2024-08-13 13:00:00
PRD74798,460860.2,30,224,2024-08-28 20:00:00
PRD12650,236738.28,49,451,2024-01-09 13:00:00
PRD55341,170114.97,49,318,2024-03-01 01:00:00
PRD70136,237275.67,53,604,2024-09-14 12:00:00
PRD26470,205987.72,50,392,2024-01-09 00:00:00
PRD63053,98301.85,66,737,2024-06-11 07:00:00
PRD22177,483861.92,39,674,2024-08-15 04:00:00
PRD65745,374417.13,45,605,2024-02-07 02:00:00
PRD36663,3724.45,79,782,2024-01-03 11:00:00
PRD47415,466238.77,39,652,2024-08-17 10:00:00
PRD18916,396794.85,34,474,2024-08-09 23:00:00
PRD71574,594635.62,30,791,2024-02-08 17:00:00
PRD73988,115707.09,73,787,2024-01-30 10:00:00
PRD94294,250873.05,33,54,2024-08-28 21:00:00
PRD94096,105949.76,52,198,2024-09-03 19:00:00
PRD48236,267643.6,49,571,2024-01-31 08:00:00
PRD21513,46641.57,64,361,2024-03-07 23:00:00
PRD59997,294794.75,52,689,2024-10-27 11:00:00
PRD82839,2367.62,58,122,2024-10-20 01:00:00
PRD78282,546704.0,22,183,2024-10-21 09:00:00
PRD85713,306070.87,54,910,2024-06-28 08:00:00
PRD79245,393715.18,52,911,2024-05-15 13:00:00
PRD67486,90843.89,67,674,2024-01-01 10:00:00
PRD84868,12301.77,71,715,2024-07-15 14:00:00
PRD10775,423081.99,35,358,2024-09-21 15:00:00
PRD36124,174644.77,69,969,2024-04-10 05:00:00
PRD77210,119703.5,59,353,2024-02-16 20:00:00
PRD48535,318284.36,62,947,2024-01-28 04:00:00
PRD98309,151787.18,68,774,2024-10-05 18:00:00
PRD73235,224821.92,63,858,2024-04-03 17:00:00
PRD45056,106642.76,73,766,2024-06-04 08:00:00
PRD20796,201209.27,50,258,2024-09-06 20:00:00
PRD96500,171259.16,51,312,2024-09-30 08:00:00
PRD24929,128171.35,69,689,2024-08-15 07:00:00
PRD68760,403397.11,40,650,2024-01-06 19:00:00
PRD89681,357046.7,46,749,2024-06-02 22:00:00
PRD70854,106064.58,53,370,2024-02-21 08:00:00
PRD91834,2541.91,77,624,2024-03-19 13:00:00
PRD99457,368816.26,46,696,2024-10-12 01:00:00
PRD63718,31421.8,64,397,2024-03-10 22:00:00
PRD79750,319595.04,38,334,2024-10-06 16:00:00
PRD34762,59485.99,68,479,2024-04-23 12:00:00
PRD51142,169588.62,58,431,2024-04-24 19:00:00
PRD26287,604168.6,33,888,2024-10-18 18:00:00
PRD49276,81334.56,76,991,2024-03-03 01:00:00
PRD88935,156797.33,55,431,2024-08-28 17:00:00
PRD86816,513437.68,34,642,2024-10-11 06:00:00
PRD67649,540670.72,35,814,2024-04-06 03:00:00
PRD46855,24255.43,58,198,2024-05-01 23:00:00
PRD62526,129406.94,53,227,2024-10-25 18:00:00
PRD29902,147996.78,45,96,2024-04-26 00:00:00
PRD25095,243945.56,50,568,2024-03-01 12:00:00
PRD16847,485358.34,33,667,2024-03-11 15:00:00
PRD55145,396898.82,42,694,2024-08-15 15:00:00
PRD85710,349271.2,37,246,2024-08-08 06:00:00
PRD62693,259977.25,57,888,2024-05-09 13:00:00
PRD10994,411828.64,44,653,2024-03-02 11:00:00
PRD79305,241368.2,66,967,2024-01-06 11:00:00
PRD87810,137089.73,57,573,2024-01-17 11:00:00
PRD71571,184033.12,72,908,2024-10-11 16:00:00
PRD60022,368233.88,30,214,2024-04-12 15:00:00
PRD87278,100459.07,45,18,2024-04-20 03:00:00
PRD65432,144956.61,73,955,2024-03-06 00:00:00
PRD14452,441705.0,37,591,2024-07-25 07:00:00
PRD96047,70323.4,49,76,2024-09-21 05:00:00
PRD33843,31201.94,54,14,2024-05-20 11:00:00
PRD11067,493162.98,38,836,2024-09-20 17:00:00
PRD38901,166708.22,50,213,2024-07-04 13:00:00
PRD32791,327001.31,32,234,2024-03-13 09:00:00
PRD22412,429029.47,36,616,2024-09-05 13:00:00
PRD42717,184079.32,64,847,2024-03-16 08:00:00
PRD11313,270182.44,51,545,2024-04-17 16:00:00
PRD24125,313419.28,33,151,2024-02-14 22:00:00
PRD21472,270919.03,39,294,2024-07-20 16:00:00
PRD12821,248803.8,35,21,2024-09-05 15:00:00
PRD62395,355152.55,48,589,2024-06-24 22:00:00
PRD78362,261850.13,46,322,2024-10-19 16:00:00
PRD88295,272888.13,54,542,2024-06-13 03:00:00
PRD99755,144819.17,51,137,2024-06-04 04:00:00
PRD16954,25233.28,63,356,2024-02-04 12:00:00
PRD68295,352436.18,40,388,2024-05-30 05:00:00
PRD62712,351893.73,47,673,2024-04-11 16:00:00
PRD47761,132069.97,68,804,2024-10-12 10:00:00
PRD99365,220620.57,58,811,2024-01-21 10:00:00
PRD93967,469404.05,19,113,2024-05-11 06:00:00
PRD98658,344503.1,39,416,2024-03-24 13:00:00
PRD82068,189972.77,45,45,2024-06-16 06:00:00
PRD71836,391614.04,46,803,2024-08-20 22:00:00
PRD41104,517055.92,35,579,2024-04-19 23:00:00
PRD46251,249909.57,43,284,2024-01-02 23:00:00
PRD99238,392306.84,53,886,2024-09-10 23:00:00
PRD53009,375842.77,30,183,2024-09-20 13:00:00
PRD47142,305343.76,55,910,2024-03-03 17:00:00
PRD35531,71503.87,60,450,2024-04-21 18:00:00
PRD47334,25328.48,70,622,2024-07-27 19:00:00
PRD62533,96508.35,73,1000,2024-03-11 11:00:00
PRD62760,292969.09,65,965,2024-09-22 04:00:00
PRD28056,205871.75,49,274,2024-04-23 23:00:00
PRD35364,286302.15,50,649,2024-05-23 14:00:00
PRD86179,62551.5,63,519,2024-05-29 00:00:00
PRD43115,366263.69,45,535,2024-07-18 17:00:00
PRD34208,305096.02,55,672,2024-08-10 21:00:00
PRD29348,477371.66,26,275,2024-05-06 07:00:00
PRD83651,46560.72,55,72,2024-10-19 09:00:00
PRD82615,323823.89,43,387,2024-10-02 04:00:00
PRD40746,297660.3,57,720,2024-04-20 12:00:00
PRD76604,568731.98,25,473,2024-04-08 18:00:00
PRD69923,48911.4,73,600,2024-09-16 12:00:00
PRD50058,408780.12,45,644,2024-03-26 22:00:00
PRD66225,373565.39,47,570,2024-06-15 14:00:00
PRD74785,310651.19,31,21,2024-02-02 10:00:00
PRD96460,431261.76,26,253,2024-04-07 05:00:00
PRD26642,30452.9,76,933,2024-07-22 18:00:00
PRD90191,116227.5,53,321,2024-01-06 17:00:00
PRD36452,246754.88,58,764,2024-09-05 06:00:00
PRD37485,101706.23,50,139,2024-06-14 15:00:00
PRD51968,346837.9,44,432,2024-05-04 17:00:00
PRD28771,256691.49,59,725,2024-09-26 19:00:00
PRD87817,144774.82,62,533,2024-03-08 05:00:00
PRD77959,132354.57,58,438,2024-08-04 06:00:00
PRD40200,144613.85,43,104,2024-09-30 11:00:00
PRD92624,216392.22,63,738,2024-01-12 13:00:00
PRD35394,258845.72,51,450,2024-08-02 12:00:00
PRD76491,66455.63,54,272,2024-09-23 07:00:00
PRD87725,140302.55,69,854,2024-08-19 23:00:00
PRD15200,232281.46,49,562,2024-06-06 22:00:00
PRD24767,238928.33,55,620,2024-03-23 08:00:00
PRD92959,353380.89,33,246,2024-04-04 20:00:00
PRD63089,6390.61,76,856,2024-05-07 05:00:00
PRD47092,38778.46,69,528,2024-07-21 12:00:00
PRD91331,116090.38,66,592,2024-07-18 07:00:00
PRD54974,386986.09,29,136,2024-03-16 01:00:00
PRD43733,356312.5,31,268,2024-07-27 01:00:00
PRD66474,191923.11,48,185,2024-03-13 18:00:00
PRD21941,111046.84,54,356,2024-09-03 10:00:00
PRD17935,107982.76,54,356,2024-06-09 16:00:00
PRD55310,465028.57,44,987,2024-01-09 07:00:00
PRD85808,176168.91,66,885,2024-04-03 02:00:00
PRD35449,224627.64,44,205,2024-03-25 10:00:00
PRD20191,317316.89,51,670,2024-09-27 22:00:00
PRD73527,345275.21,30,71,2024-02-27 03:00:00
PRD93499,257843.38,43,277,2024-03-03 06:00:00
PRD90827,326464.72,62,943,2024-09-05 13:00:00
PRD24726,381189.35,27,187,2024-04-17 19:00:00
PRD74374,448740.57,28,242,2024-01-16 08:00:00
PRD32549,237117.36,60,749,2024-07-07 01:00:00
PRD50828,361184.78,50,847,2024-07-06 02:00:00
PRD64649,292083.47,42,416,2024-05-15 04:00:00
PRD54520,216918.51,40,101,2024-09-25 17:00:00
PRD73939,327805.03,44,576,2024-01-19 10:00:00
PRD34836,87217.74,67,501,2024-06-24 20:00:00
PRD60210,315602.13,35,87,2024-05-15 14:00:00
PRD38776,157582.3,66,899,2024-04-09 13:00:00
PRD63037,13716.14,58,121,2024-08-12 22:00:00
PRD40875,259934.73,60,916,2024-10-07 08:00:00
PRD61333,232782.04,54,556,2024-05-22 03:00:00
PRD22389,577607.16,31,699,2024-07-24 05:00:00
PRD81779,202842.01,59,631,2024-05-31 18:00:00
PRD12928,316954.56,57,808,2024-06-06 10:00:00
PRD11538,17881.39,73,598,2024-08-28 08:00:00
PRD16971,214994.48,53,637,2024-10-08 02:00:00
PRD45391,299347.83,58,926,2024-01-03 05:00:00
PRD12949,71031.69,54,286,2024-10-05 14:00:00
PRD87114,494550.34,19,13,2024-10-12 08:00:00
PRD18826,21153.51,58,45,2024-01-03 11:00:00
PRD91318,63079.98,49,108,2024-09-24 04:00:00
PRD71716,354731.48,45,599,2024-08-27 19:00:00
PRD74866,325430.98,57,775,2024-02-24 07:00:00
PRD24855,151646.34,50,189,2024-07-21 11:00:00
PRD76020,202411.68,65,956,2024-03-02 19:00:00
PRD44503,314878.58,56,984,2024-08-02 15:00:00
PRD18722,532522.54,11,15,2024-10-10 03:00:00
PRD40041,248992.41,52,459,2024-07-21 11:00:00
PRD25227,479497.33,42,752,2024-06-22 03:00:00
PRD47020,169151.4,69,821,2024-01-01 11:00:00
PRD73338,312175.86,34,229,2024-09-27 06:00:00
PRD46770,56434.27,49,94,2024-05-02 06:00:00
PRD29344,362675.51,30,159,2024-04-18 14:00:00
PRD50480,212335.08,60,687,2024-05-18 06:00:00
PRD12409,551631.2,21,384,2024-08-26 07:00:00
PRD91450,272147.67,33,56,2024-01-08 14:00:00
PRD55280,369983.81,38,494,2024-08-02 20:00:00
PRD89200,317500.75,42,393,2024-10-24 06:00:00
PRD61883,147228.73,62,585,2024-03-28 20:00:00
PRD19214,481824.2,42,858,2024-10-15 16:00:00
PRD42393,129731.48,60,536,2024-07-07 06:00:00
PRD26720,144602.18,58,361,2024-04-01 19:00:00
PRD66312,488638.79,32,513,2024-03-11 00:00:00
PRD65046,205953.66,43,74,2024-08-29 18:00:00
PRD61865,570935.4,42,961,2024-08-03 04:00:00
PRD29833,309506.41,51,790,2024-10-05 14:00:00
PRD44380,380559.57,38,496,2024-04-11 23:00:00
PRD66065,522925.32,23,263,2024-04-17 01:00:00
PRD77118,463248.76,48,827,2024-02-06 14:00:00
PRD37375,548344.84,19,314,2024-09-28 19:00:00
PRD38099,16760.2,62,374,2024-09-16 03:00:00
PRD35446,191504.41,49,176,2024-06-02 06:00:00
PRD97132,577961.07,35,914,2024-05-03 17:00:00
PRD85496,8617.19,58,231,2024-05-17 10:00:00
PRD53639,368553.84,43,534,2024-03-08 12:00:00
PRD69608,167967.98,47,202,2024-03-15 02:00:00
PRD76471,95426.77,54,124,2024-08-22 01:00:00
PRD43968,358891.29,56,994,2024-08-13 04:00:00
PRD96131,274548.48,36,205,2024-07-01 06:00:00
PRD38477,289435.92,45,511,2024-01-15 07:00:00
PRD97795,506940.48,24,266,2024-07-19 09:00:00
PRD16678,247005.64,62,802,2024-06-21 14:00:00
PRD65540,340359.4,47,548,2024-01-12 09:00:00
PRD53885,292767.83,38,248,2024-01-31 12:00:00
PRD42412,26366.29,55,201,2024-01-10 06:00:00
PRD63707,386231.41,37,460,2024-04-11 22:00:00
PRD44077,287529.07,59,908,2024-09-20 03:00:00
PRD46390,126250.68,52,211,2024-08-04 05:00:00
PRD42937,110273.32,67,707,2024-03-27 19:00:00
PRD73321,487982.65,38,757,2024-08-19 06:00:00
PRD84373,439553.71,24,79,2024-02-04 04:00:00
PRD42130,123699.81,72,969,2024-06-26 23:00:00
PRD68205,180059.03,68,789,2024-05-10 22:00:00
PRD45193,28715.97,80,952,2024-06-15 18:00:00
PRD15051,347742.55,49,687,2024-10-22 01:00:00
PRD44993,111674.72,70,909,2024-02-01 12:00:00
PRD26407,467605.85,37,546,2024-06-17 08:00:00
PRD80774,476226.92,37,696,2024-03-12 03:00:00
PRD25915,53616.5,61,314,2024-03-17 12:00:00
PRD85367,147771.91,52,426,2024-09-26 01:00:00
PRD31960,81907.83,68,522,2024-02-01 21:00:00
PRD75094,228675.22,48,312,2024-03-03 02:00:00
PRD68078,340339.09,31,85,2024-05-11 07:00:00
PRD98448,387829.29,42,509,2024-06-11 19:00:00
PRD40054,12181.56,74,767,2024-01-20 14:00:00
PRD87368,264699.41,43,428,2024-07-22 12:00:00
PRD18178,151654.84,43,66,2024-07-07 06:00:00
PRD48696,208192.39,40,110,2024-08-19 09:00:00
PRD32760,480927.88,45,773,2024-07-06 09:00:00
PRD99442,256226.54,43,156,2024-02-19 12:00:00
PRD14000,402144.33,31,152,2024-07-02 13:00:00
PRD91917,288511.48,53,614,2024-08-13 01:00:00
PRD48019,45354.74,70,765,2024-09-02 20:00:00
PRD71551,420297.27,26,202,2024-04-08 16:00:00
PRD52507,310510.58,51,790,2024-04-16 03:00:00
PRD34502,288964.12,39,200,2024-01-25 18:00:00
PRD80863,279045.79,33,55,2024-07-31 00:00:00
PRD29732,89699.93,68,814,2024-01-24 08:00:00
PRD55145,324359.8,50,770,2024-05-26 10:00:00
PRD95790,408916.74,45,851,2024-05-01 13:00:00
PRD75533,76861.61,69,546,2024-03-14 20:00:00
PRD14918,433278.26,49,787,2024-09-14 19:00:00
PRD18909,431796.21,36,606,2024-02-09 05:00:00
PRD20998,170580.86,61,621,2024-08-11 07:00:00
PRD16963,105467.2,62,546,2024-06-19 03:00:00
PRD74197,24695.78,70,528,2024-06-20 13:00:00
PRD11848,216475.66,64,731,2024-10-22 03:00:00
PRD35078,317490.06,38,354,2024-01-11 23:00:00
PRD44612,543807.4,43,913,2024-09-05 13:00:00
PRD85456,506719.68,36,677,2024-07-19 13:00:00
PRD20058,442972.18,29,332,2024-05-01 01:00:00
PRD84774,90506.45,54,186,2024-02-16 23:00:00
PRD49156,154321.88,57,388,2024-09-03 14:00:00
PRD75589,301272.64,52,632,2024-06-17 07:00:00
PRD41289,521550.37,28,553,2024-06-17 14:00:00
PRD96628,179113.73,74,983,2024-04-15 15:00:00
PRD29431,33130.54,52,38,2024-06-13 16:00:00
PRD67345,295192.11,47,373,2024-04-11 01:00:00
PRD75202,288867.87,61,985,2024-01-13 23:00:00
PRD26883,21846.62,76,873,2024-04-28 00:00:00
PRD11883,466053.87,32,316,2024-09-18 07:00:00
PRD85187,134265.67,69,705,2024-01-14 22:00:00
PRD24427,34871.84,57,238,2024-01-28 12:00:00
PRD19581,435262.18,30,185,2024-08-22 10:00:00
PRD20031,267405.23,60,827,2024-03-06 03:00:00
PRD52250,416481.01,49,859,2024-10-07 06:00:00
PRD80567,176036.77,47,142,2024-01-18 19:00:00
PRD28295,247842.9,56,547,2024-09-05 23:00:00
PRD88238,458053.39,46,744,2024-02-23 15:00:00
PRD80869,461483.3,37,453,2024-09-20 08:00:00
PRD65581,89802.41,67,669,2024-02-11 17:00:00
PRD47360,263420.59,50,670,2024-01-23 21:00:00
PRD46968,129376.69,62,631,2024-08-30 18:00:00
PRD78822,491063.0,31,401,2024-02-06 22:00:00
PRD36975,238408.19,61,882,2024-03-17 18:00:00
PRD75396,134069.64,65,824,2024-07-13 05:00:00
PRD43620,235680.36,55,544,2024-07-26 04:00:00
PRD90306,451928.13,31,469,2024-02-25 19:00:00
PRD78238,91577.05,55,158,2024-08-23 08:00:00
PRD93209,216726.61,59,617,2024-08-21 23:00:00
PRD57275,153804.01,64,755,2024-08-01 00:00:00
PRD71162,18799.55,61,293,2024-10-11 09:00:00
PRD47272,369801.61,52,945,2024-05-09 03:00:00
PRD65774,309166.43,60,876,2024-04-07 21:00:00
PRD15154,278357.32,56,794,2024-07-06 19:00:00
PRD74590,59003.13,61,375,2024-04-24 18:00:00
PRD14321,359820.93,33,280,2024-03-16 22:00:00
PRD97996,208969.57,42,86,2024-05-19 19:00:00
PRD99032,40389.68,54,152,2024-08-20 02:00:00
PRD74218,472691.23,30,500,2024-04-21 07:00:00
PRD21491,126559.58,67,793,2024-05-31 19:00:00
PRD97789,177638.98,69,986,2024-09-17 19:00:00
PRD60592,491471.49,17,101,2024-02-01 21:00:00
PRD14570,168271.0,69,805,2024-09-16 22:00:00
PRD19512,330635.18,42,504,2024-05-29 00:00:00
PRD70355,68227.44,48,59,2024-07-29 19:00:00
PRD80233,448813.2,40,657,2024-09-22 12:00:00
PRD35437,552592.96,26,448,2024-01-21 13:00:00
PRD19930,167607.17,66,868,2024-04-23 08:00:00
PRD14768,335900.22,40,264,2024-02-02 05:00:00
PRD50011,31968.72,66,417,2024-10-22 12:00:00
PRD43806,238907.32,44,149,2024-08-12 15:00:00
PRD62539,310490.95,40,438,2024-02-03 07:00:00
PRD85776,387816.52,47,793,2024-01-13 15:00:00
PRD58612,276774.95,40,136,2024-10-12 06:00:00
PRD14935,60000.18,75,896,2024-06-06 13:00:00
PRD77656,221788.05,45,180,2024-09-25 15:00:00
PRD93303,76107.59,46,5,2024-10-06 02:00:00
PRD13603,280218.45,63,857,2024-03-15 03:00:00
PRD35988,449022.32,34,513,2024-03-07 21:00:00
PRD29827,432261.46,36,448,2024-05-05 03:00:00
PRD91916,216813.76,53,527,2024-03-15 01:00:00
PRD96176,42333.17,66,618,2024-08-12 03:00:00
PRD62482,41723.97,83,979,2024-02-08 21:00:00
PRD51403,488833.39,17,151,2024-03-09 10:00:00
PRD89956,184462.78,56,462,2024-02-24 06:00:00
PRD74979,351670.31,48,746,2024-05-26 16:00:00
PRD14679,448428.02,37,468,2024-02-09 08:00:00
PRD54529,164166.05,56,426,2024-10-17 02:00:00
PRD87614,79197.44,70,679,2024-05-30 20:00:00
PRD24862,435285.68,31,433,2024-05-16 02:00:00
PRD31412,172395.53,51,457,2024-08-20 01:00:00
PRD38300,26862.94,59,171,2024-05-18 16:00:00
PRD68951,235461.65,48,504,2024-02-07 21:00:00
PRD24125,175007.62,48,332,2024-04-12 14:00:00
PRD34928,135647.16,51,353,2024-02-19 01:00:00
PRD42513,223625.3,55,605,2024-02-02 20:00:00
PRD70779,145002.76,57,598,2024-08-27 07:00:00
PRD95960,323226.77,45,439,2024-09-12 03:00:00
PRD44145,39783.74,61,467,2024-05-17 04:00:00
PRD84530,426749.34,42,665,2024-09-28 00:00:00
PRD57070,226047.72,41,179,2024-06-19 22:00:00
PRD45945,19973.26,68,529,2024-03-06 13:00:00
PRD52686,108998.35,62,642,2024-10-20 14:00:00
PRD11341,313536.05,32,77,2024-02-11 10:00:00
PRD97644,350352.22,47,517,2024-01-09 23:00:00
PRD68860,336387.61,54,888,2024-08-24 08:00:00
PRD14236,468324.76,26,293,2024-08-12 13:00:00
PRD55297,295471.67,61,909,2024-01-06 02:00:00
PRD48532,186088.56,47,150,2024-06-12 00:00:00
PRD86041,274499.38,55,637,2024-04-21 15:00:00
PRD20098,38034.58,69,713,2024-06-26 15:00:00
PRD52839,243448.42,53,666,2024-05-24 17:00:00
PRD64865,154946.47,62,584,2024-06-14 05:00:00
PRD46940,322024.71,40,388,2024-05-12 18:00:00
PRD51845,119199.13,61,377,2024-08-19 11:00:00
PRD60440,129791.72,75,916,2024-06-20 16:00:00
PRD99334,444741.71,25,160,2024-04-03 19:00:00
PRD70500,272498.92,35,31,2024-02-17 09:00:00
PRD35457,212525.94,54,511,2024-10-09 23:00:00
PRD38205,364100.59,54,798,2024-08-19 03:00:00
PRD76550,152590.23,66,800,2024-03-13 13:00:00
PRD22673,76678.84,68,666,2024-09-28 19:00:00
PRD99160,27396.44,61,291,2024-09-19 21:00:00
PRD40306,21776.9,70,660,2024-03-29 13:00:00
PRD39211,35448.16,64,439,2024-06-27 13:00:00
PRD46614,258350.93,61,930,2024-01-02 06:00:00
PRD34128,128009.25,43,58,2024-07-01 04:00:00
PRD46784,207441.26,42,58,2024-07-25 06:00:00
PRD90125,98839.21,48,19,2024-03-09 15:00:00
PRD86283,345146.64,32,41,2024-09-10 10:00:00
PRD15711,44586.15,69,587,2024-01-12 05:00:00
PRD98523,97059.52,70,820,2024-09-07 16:00:00
PRD94550,410199.09,48,894,2024-05-30 11:00:00
PRD12453,268212.08,54,571,2024-08-25 19:00:00
PRD73467,225055.72,63,804,2024-01-27 11:00:00
PRD24269,279131.85,50,423,2024-09-08 06:00:00
PRD46761,565213.64,23,370,2024-05-17 00:00:00
PRD45934,555133.77,28,658,2024-06-14 16:00:00
PRD42770,383955.62,24,102,2024-09-01 20:00:00
PRD54235,342830.96,32,8,2024-08-20 10:00:00
PRD69907,276351.48,42,405,2024-03-22 07:00:00
PRD85838,80022.81,74,779,2024-02-22 20:00:00
PRD82125,293286.65,43,309,2024-01-18 06:00:00
PRD12302,226070.97,50,298,2024-05-04 12:00:00
PRD11541,251087.73,58,748,2024-02-16 11:00:00
PRD67044,187838.42,58,637,2024-05-05 17:00:00
PRD46618,444629.26,22,151,2024-06-23 08:00:00
PRD96915,384894.13,46,786,2024-08-27 18:00:00
PRD47533,97994.86,65,507,2024-05-25 13:00:00
PRD15636,346583.77,39,405,2024-07-18 02:00:00
PRD42649,390549.87,52,948,2024-06-08 04:00:00
PRD70788,392913.26,48,888,2024-07-03 14:00:00
PRD70423,179985.6,73,989,2024-09-07 07:00:00
PRD13777,13813.29,71,474,2024-10-20 01:00:00
PRD40659,167399.5,54,551,2024-08-28 10:00:00
PRD85736,196195.79,60,833,2024-05-09 09:00:00
PRD22803,146612.86,42,7,2024-04-13 15:00:00
PRD29595,140921.32,44,68,2024-02-20 12:00:00
PRD48430,452360.61,41,831,2024-02-21 01:00:00
PRD87134,195901.8,62,890,2024-10-18 19:00:00
PRD57752,397709.44,28,261,2024-08-05 03:00:00
PRD61393,283540.55,41,171,2024-02-13 02:00:00
PRD67768,4313.74,73,646,2024-08-28 22:00:00
PRD45981,87101.16,52,59,2024-01-18 22:00:00
PRD39874,210934.36,60,819,2024-01-02 01:00:00
PRD86203,213224.13,45,172,2024-03-04 21:00:00
PRD55702,68027.52,63,436,2024-01-31 11:00:00
PRD72077,357989.61,28,57,2024-05-28 03:00:00
PRD96395,239966.38,37,58,2024-08-20 23:00:00
PRD24857,299141.38,52,813,2024-05-18 22:00:00
PRD17476,302507.21,49,556,2024-02-25 23:00:00
PRD26292,17793.37,72,725,2024-02-18 13:00:00
PRD56281,137988.07,65,632,2024-06-23 02:00:00
PRD53741,394715.61,33,436,2024-03-25 14:00:00
PRD51620,438254.33,30,166,2024-10-02 04:00:00
PRD62627,215238.2,56,732,2024-05-09 05:00:00
PRD28829,431374.66,25,88,2024-09-29 22:00:00
PRD13394,414746.44,30,257,2024-04-07 11:00:00
PRD88806,241347.87,61,777,2024-10-09 23:00:00
PRD47097,174200.54,70,949,2024-06-10 16:00:00
PRD88434,80088.97,72,647,2024-03-06 13:00:00
PRD15483,379261.84,52,822,2024-07-14 03:00:00
PRD77942,313703.05,48,604,2024-01-16 07:00:00
PRD93310,294485.29,35,165,2024-08-28 06:00:00
PRD19933,481489.59,26,237,2024-03-28 22:00:00
PRD66196,496153.22,41,807,2024-09-27 12:00:00
PRD79053,16971.94,70,654,2024-05-29 14:00:00
PRD25161,142424.39,76,962,2024-05-05 05:00:00
PRD93327,76945.24,63,482,2024-02-26 16:00:00
PRD78435,323252.1,52,633,2024-05-21 08:00:00
PRD24568,27182.55,58,315,2024-05-05 01:00:00
PRD97026,406158.92,42,759,2024-08-26 19:00:00
PRD61976,98505.62,57,483,2024-05-29 23:00:00
PRD12019,104504.7,61,564,2024-07-20 00:00:00
PRD49371,31365.91,56,156,2024-01-06 01:00:00
PRD96513,188753.15,55,561,2024-07-25 08:00:00
PRD13175,82748.2,50,176,2024-07-30 04:00:00
PRD14988,188668.82,55,577,2024-09-14 11:00:00
PRD79278,276688.67,57,740,2024-02-13 23:00:00
PRD34751,531634.81,16,93,2024-02-02 19:00:00
PRD92077,44445.13,65,573,2024-05-13 11:00:00
PRD90020,462334.36,40,560,2024-03-01 16:00:00
PRD87031,206187.83,64,906,2024-07-28 15:00:00
PRD84594,354013.35,57,972,2024-01-17 07:00:00
PRD61091,2572.38,56,69,2024-02-11 15:00:00
PRD95962,173002.33,60,680,2024-03-25 17:00:00
PRD79860,565824.95,29,664,2024-10-15 03:00:00
PRD99339,265254.78,34,92,2024-01-06 04:00:00
PRD40835,53199.78,69,634,2024-02-06 13:00:00
PRD62985,485358.99,20,49,2024-06-02 15:00:00
PRD42650,249824.53,43,144,2024-10-20 12:00:00
PRD88571,317707.35,32,7,2024-08-10 14:00:00
PRD92993,74768.75,55,118,2024-04-26 05:00:00
PRD28183,294177.89,57,761,2024-02-25 12:00:00
PRD83419,290985.94,35,6,2024-03-18 01:00:00
PRD91999,471585.29,23,202,2024-07-16 03:00:00
PRD83528,34221.67,57,259,2024-10-15 11:00:00
PRD43989,117569.33,62,584,2024-01-16 04:00:00
PRD54896,448488.29,40,614,2024-10-22 16:00:00
PRD46932,333972.06,41,453,2024-06-15 17:00:00
PRD46320,378231.3,49,877,2024-04-18 21:00:00
PRD69811,239278.33,69,988,2024-05-19 16:00:00
PRD59367,40757.96,74,838,2024-01-23 06:00:00
PRD33565,338745.18,43,394,2024-09-11 13:00:00
PRD17793,212752.08,45,320,2024-09-28 13:00:00
PRD79573,36941.02,83,939,2024-08-29 16:00:00
PRD77117,249973.81,57,716,2024-02-28 22:00:00
PRD74118,136486.18,72,802,2024-04-28 14:00:00
PRD48512,333748.52,49,774,2024-10-10 21:00:00
PRD24434,437265.17,29,267,2024-10-04 16:00:00
PRD30358,281570.97,60,979,2024-08-21 05:00:00
PRD33221,152456.64,54,309,2024-04-22 20:00:00
PRD24588,411713.11,29,168,2024-01-15 16:00:00
PRD60886,108448.22,70,792,2024-06-11 22:00:00
PRD12758,285708.83,51,509,2024-08-25 11:00:00
PRD94006,123774.26,64,486,2024-02-07 07:00:00
PRD93791,331461.9,52,622,2024-01-13 06:00:00
PRD27782,124549.17,73,811,2024-05-08 18:00:00
PRD66939,232419.08,61,708,2024-08-14 12:00:00
PRD81926,304358.12,55,822,2024-01-02 01:00:00
PRD53868,497028.77,29,411,2024-02-19 19:00:00
PRD95667,24351.08,54,93,2024-07-06 18:00:00
PRD13151,379914.65,57,953,2024-08-31 18:00:00
PRD42974,49851.02,62,495,2024-08-15 13:00:00
PRD35761,20005.07,72,719,2024-06-10 17:00:00
PRD61099,35215.43,60,293,2024-09-07 11:00:00
PRD40893,393776.4,37,491,2024-02-15 13:00:00
PRD70997,237540.12,60,837,2024-08-27 08:00:00
PRD66428,128063.15,43,10,2024-06-26 20:00:00
PRD71724,399678.56,45,569,2024-01-25 14:00:00
PRD84041,214315.18,53,483,2024-10-03 09:00:00
PRD12909,167753.87,62,690,2024-06-08 08:00:00
PRD45165,67884.41,82,946,2024-08-05 16:00:00
PRD85329,17566.91,59,267,2024-03-20 04:00:00
PRD99280,502214.91,37,758,2024-05-26 21:00:00
PRD73798,267304.66,39,309,2024-08-16 16:00:00
PRD75717,64802.05,55,244,2024-07-08 23:00:00
PRD74618,366151.89,35,261,2024-08-01 12:00:00
PRD35187,300215.45,37,202,2024-03-20 00:00:00
PRD96357,419963.25,38,533,2024-06-27 15:00:00
PRD35783,327929.77,56,783,2024-02-19 13:00:00
PRD99998,307501.32,59,924,2024-04-07 13:00:00
PRD49928,263150.39,46,384,2024-06-18 08:00:00
PRD96417,64881.37,71,736,2024-01-23 20:00:00
PRD16886,124422.39,76,940,2024-01-08 13:00:00
PRD22067,318974.54,38,222,2024-09-17 16:00:00
PRD11678,252677.76,53,693,2024-05-18 11:00:00
PRD74704,333903.98,49,722,2024-06-02 00:00:00
PRD99580,90989.73,61,500,2024-03-24 21:00:00
PRD28110,324671.97,46,439,2024-10-26 01:00:00
PRD10971,221560.2,46,151,2024-03-12 04:00:00
PRD77317,453755.43,33,533,2024-03-16 17:00:00
PRD30647,152241.09,47,86,2024-08-15 14:00:00
PRD92467,565682.95,36,888,2024-06-04 12:00:00
PRD51129,325087.76,58,882,2024-02-15 15:00:00
PRD87185,299024.07,31,115,2024-07-07 18:00:00
PRD32250,272560.62,65,965,2024-03-07 07:00:00
PRD68062,158852.21,57,630,2024-05-09 22:00:00
PRD53123,108497.29,54,327,2024-06-08 01:00:00
PRD87722,190281.49,53,511,2024-05-28 05:00:00
PRD11005,382897.99,46,752,2024-05-05 06:00:00
PRD84270,427104.98,27,44,2024-06-12 01:00:00
PRD11984,249062.08,36,136,2024-08-13 02:00:00
PRD53671,241818.78,43,297,2024-04-29 23:00:00
PRD38375,117832.75,53,269,2024-04-19 10:00:00
PRD54279,106488.88,50,264,2024-03-19 19:00:00
PRD27744,47663.91,51,42,2024-06-25 22:00:00
PRD58603,484775.95,44,843,2024-07-27 07:00:00
PRD83461,86833.18,57,227,2024-02-29 21:00:00
PRD67230,250916.9,65,937,2024-03-11 08:00:00
PRD58142,515073.39,34,646,2024-03-06 14:00:00
PRD38652,379013.24,48,640,2024-08-29 02:00:00
PRD82019,460283.23,35,555,2024-02-21 09:00:00
PRD58437,317155.63,31,71,2024-04-18 11:00:00
PRD47925,260448.29,40,206,2024-03-08 18:00:00
PRD50072,458533.24,41,680,2024-08-05 06:00:00
PRD78720,85327.03,58,473,2024-05-04 22:00:00
PRD65634,93446.06,68,755,2024-08-30 19:00:00
PRD82660,377738.39,41,575,2024-10-26 22:00:00
PRD23207,481210.5,51,979,2024-02-01 01:00:00
PRD92908,29793.93,59,217,2024-08-22 11:00:00
PRD54547,277452.55,48,403,2024-05-28 07:00:00
PRD22320,330183.98,28,74,2024-01-18 03:00:00
PRD70180,17235.59,63,178,2024-04-03 02:00:00
PRD89477,190810.61,42,16,2024-04-08 07:00:00
PRD18514,274111.16,50,651,2024-08-30 19:00:00
PRD63053,427485.92,21,66,2024-04-20 02:00:00
PRD84392,221216.12,40,26,2024-05-17 01:00:00
PRD74643,375181.91,45,740,2024-06-24 21:00:00
PRD16289,523299.74,30,593,2024-02-08 03:00:00
PRD35909,121634.09,67,842,2024-08-11 14:00:00
PRD73139,10828.23,61,342,2024-04-02 07:00:00
PRD13082,485226.54,45,890,2024-04-15 10:00:00
PRD48654,288917.93,47,458,2024-08-20 09:00:00
PRD81661,171535.0,43,112,2024-10-25 05:00:00
PRD68012,17405.0,58,286,2024-03-03 16:00:00
PRD63017,121252.02,67,679,2024-10-20 19:00:00
PRD13228,42232.75,54,13,2024-02-17 00:00:00
PRD98537,42518.01,77,726,2024-06-04 12:00:00
PRD30875,1186.8,63,261,2024-04-05 23:00:00
PRD38656,28314.63,66,413,2024-03-20 23:00:00
PRD16261,195927.17,62,734,2024-02-25 20:00:00
PRD48366,155710.68,40,60,2024-07-08 10:00:00
PRD47111,247422.77,68,987,2024-02-17 10:00:00
PRD34018,2877.88,62,305,2024-06-19 20:00:00
PRD34160,228633.03,44,152,2024-09-10 01:00:00
PRD99276,54552.44,54,120,2024-02-11 00:00:00
PRD41234,470338.58,42,856,2024-10-13 14:00:00
PRD10764,133749.49,65,721,2024-06-22 19:00:00
PRD92907,1627.29,73,650,2024-09-02 16:00:00
PRD98569,191562.65,61,573,2024-09-28 12:00:00
PRD43899,257470.28,60,990,2024-03-25 19:00:00
PRD78184,54893.78,73,624,2024-06-11 11:00:00
PRD23533,393306.1,50,813,2024-07-07 02:00:00
PRD97722,486929.71,41,931,2024-09-13 16:00:00
PRD71299,573169.99,18,237,2024-06-15 07:00:00
PRD70419,62399.85,59,244,2024-05-10 22:00:00
PRD51139,54158.39,77,743,2024-07-22 00:00:00
PRD29099,406508.16,52,821,2024-05-05 08:00:00
PRD14706,202857.89,43,140,2024-08-09 19:00:00
PRD80019,434428.67,48,790,2024-09-13 02:00:00
PRD89664,409918.01,27,247,2024-02-10 06:00:00
PRD68513,320245.48,37,380,2024-03-16 22:00:00
PRD54214,70584.94,55,107,2024-07-28 02:00:00
PRD15723,212310.51,56,729,2024-03-21 08:00:00
PRD16208,160186.33,67,731,2024-02-23 11:00:00
PRD51650,282527.41,36,10,2024-09-19 06:00:00
PRD35668,190821.93,65,762,2024-01-13 01:00:00
PRD90803,481306.59,21,6,2024-03-26 15:00:00
PRD64315,571932.19,20,264,2024-03-21 19:00:00
PRD59995,337390.63,33,237,2024-03-21 05:00:00
PRD74491,621384.39,18,256,2024-10-18 01:00:00
PRD70573,548482.78,20,216,2024-09-07 10:00:00
PRD25381,37901.49,49,25,2024-08-07 04:00:00
PRD19533,484910.63,30,487,2024-10-04 19:00:00
PRD75129,252813.95,67,982,2024-01-17 09:00:00
PRD10976,101752.22,55,389,2024-06-27 01:00:00
PRD37077,273912.63,41,188,2024-07-17 23:00:00
PRD82800,37148.17,81,980,2024-07-26 03:00:00
PRD96130,76828.77,63,457,2024-02-04 03:00:00
PRD69965,543251.91,33,535,2024-07-25 04:00:00
PRD11198,274900.29,49,647,2024-02-20 00:00:00
PRD90538,339550.16,45,693,2024-01-15 13:00:00
PRD53074,55821.81,57,264,2024-04-17 12:00:00
PRD23505,456747.58,48,840,2024-05-17 08:00:00
PRD57394,496067.47,40,892,2024-01-20 17:00:00
PRD68621,30088.9,71,643,2024-08-07 10:00:00
PRD51650,60219.4,58,299,2024-04-04 09:00:00
PRD13639,266999.44,53,556,2024-08-30 19:00:00
PRD50104,442065.88,44,875,2024-09-05 18:00:00
PRD12458,6484.71,72,473,2024-10-10 03:00:00
PRD24887,457178.24,42,858,2024-04-17 02:00:00
PRD65650,559397.5,15,28,2024-09-15 14:00:00
PRD37095,540858.69,40,821,2024-08-24 04:00:00
PRD66127,407188.25,48,771,2024-09-06 08:00:00
PRD67994,94515.19,58,248,2024-03-04 09:00:00
PRD61676,110750.3,63,546,2024-04-04 07:00:00
PRD38625,247693.43,48,379,2024-07-22 01:00:00
PRD41031,565337.96,21,439,2024-05-16 05:00:00
PRD59137,56013.93,69,652,2024-06-04 04:00:00
PRD62130,140547.23,64,560,2024-01-08 19:00:00
PRD98075,346761.16,43,601,2024-04-16 20:00:00
PRD62635,533445.72,37,796,2024-05-04 18:00:00
PRD50512,96496.7,51,221,2024-04-05 09:00:00
PRD61556,86942.87,72,946,2024-06-20 06:00:00
PRD21652,322139.03,35,188,2024-02-23 21:00:00
PRD11424,151388.4,47,202,2024-06-28 23:00:00
PRD45353,197466.42,70,994,2024-04-19 09:00:00
PRD58950,47035.08,66,453,2024-10-22 19:00:00
PRD13131,229994.81,60,769,2024-09-19 06:00:00
PRD42603,156561.22,67,784,2024-05-02 20:00:00
PRD53670,251320.21,60,862,2024-03-24 22:00:00
PRD60529,263597.78,54,649,2024-03-18 18:00:00
PRD67300,151511.12,48,39,2024-04-21 16:00:00
PRD44751,61195.99,74,683,2024-06-29 04:00:00
PRD54243,128394.8,68,634,2024-07-11 05:00:00
PRD30904,361201.2,47,673,2024-07-02 07:00:00
PRD78115,156165.33,42,119,2024-03-20 18:00:00
PRD15050,347926.84,57,888,2024-04-13 17:00:00
PRD64777,211497.73,59,805,2024-04-23 13:00:00
PRD55261,200442.67,43,212,2024-07-27 09:00:00
PRD55797,164277.05,59,661,2024-01-28 11:00:00
PRD75516,155983.52,55,566,2024-10-13 17:00:00
PRD46440,114002.19,49,176,2024-03-04 06:00:00
PRD41928,137197.46,74,989,2024-03-18 12:00:00
PRD13673,82719.16,63,531,2024-07-14 23:00:00
PRD76052,605778.31,27,679,2024-04-17 19:00:00
PRD80521,222453.06,68,975,2024-05-08 21:00:00
PRD79101,140483.83,57,431,2024-03-28 03:00:00
PRD41357,301638.19,31,29,2024-03-15 14:00:00
PRD55504,453224.61,35,378,2024-09-07 00:00:00
PRD46408,281148.6,61,939,2024-01-06 14:00:00
PRD88597,385529.12,38,562,2024-05-16 01:00:00
PRD93572,308611.65,33,222,2024-08-21 16:00:00
PRD30502,365178.79,48,650,2024-09-12 07:00:00
PRD49710,223214.48,57,726,2024-07-21 20:00:00
PRD75729,440876.02,30,398,2024-01-12 04:00:00
PRD44526,167943.8,68,869,2024-06-18 16:00:00
PRD68742,444803.6,42,665,2024-07-09 21:00:00
PRD51562,410418.0,39,677,2024-10-16 11:00:00
PRD58669,130241.35,58,306,2024-06-28 18:00:00
PRD71832,205554.59,49,214,2024-05-11 16:00:00
PRD77043,26734.51,55,10,2024-03-01 12:00:00
PRD42202,116816.59,73,786,2024-01-09 23:00:00
PRD12645,12803.67,85,919,2024-05-22 21:00:00
PRD40264,99659.59,56,240,2024-05-12 03:00:00
PRD93918,428133.91,45,928,2024-03-25 06:00:00
PRD41985,418732.81,31,400,2024-02-22 11:00:00
PRD56092,212852.47,52,396,2024-04-08 09:00:00
PRD20379,434250.34,43,873,2024-02-23 17:00:00
PRD22920,401141.28,40,532,2024-07-10 12:00:00
PRD88667,517146.73,45,863,2024-03-01 17:00:00
PRD18747,140934.19,60,676,2024-03-27 02:00:00
PRD46219,322141.28,52,867,2024-06-08 20:00:00
PRD38957,190083.19,49,303,2024-01-29 11:00:00
PRD91899,66934.7,64,553,2024-05-21 17:00:00
PRD86345,14852.74,75,818,2024-10-02 22:00:00
PRD18911,375296.87,25,115,2024-03-09 13:00:00
PRD49069,500970.2,32,557,2024-02-17 06:00:00
PRD82119,239063.07,42,289,2024-02-02 21:00:00
PRD29393,190804.75,45,224,2024-04-23 12:00:00
PRD85595,163572.82,58,551,2024-02-04 09:00:00
PRD99181,24270.02,73,538,2024-02-25 01:00:00
PRD11858,143505.01,40,12,2024-02-20 00:00:00
PRD74740,482154.52,41,646,2024-01-09 00:00:00
PRD55923,109860.18,79,956,2024-06-20 05:00:00
PRD17739,296203.19,33,101,2024-05-24 06:00:00
PRD65254,221100.13,61,688,2024-06-13 08:00:00
PRD15433,151172.17,68,821,2024-04-27 12:00:00
PRD73732,109565.29,73,869,2024-02-29 23:00:00
PRD30678,315883.43,33,85,2024-01-12 17:00:00
PRD44061,328241.23,46,694,2024-01-12 13:00:00
PRD55386,266930.43,40,117,2024-06-26 11:00:00
PRD60902,175879.87,59,478,2024-10-13 20:00:00
PRD84528,229960.48,36,121,2024-06-14 05:00:00
PRD16908,147552.12,65,650,2024-01-14 06:00:00
PRD27970,48534.86,74,767,2024-07-21 07:00:00
PRD13999,486978.04,18,16,2024-03-16 14:00:00
PRD64003,238677.51,41,285,2024-02-04 20:00:00
PRD85469,323075.45,46,454,2024-01-29 06:00:00
PRD32475,195164.34,64,961,2024-10-09 09:00:00
PRD38820,347820.85,44,419,2024-04-29 07:00:00
PRD83343,149570.28,51,325,2024-05-22 12:00:00
PRD97405,326982.5,51,605,2024-10-16 09:00:00
PRD39242,541376.29,41,819,2024-09-03 14:00:00
PRD33216,39656.24,64,343,2024-04-17 00:00:00
PRD26857,228082.15,41,276,2024-04-01 02:00:00
PRD45025,107950.21,68,584,2024-04-03 23:00:00
PRD17022,297124.07,35,215,2024-03-28 07:00:00
PRD40858,396690.57,42,727,2024-03-08 02:00:00
PRD13971,495017.01,20,108,2024-07-19 18:00:00
PRD26754,551112.18,42,882,2024-09-14 18:00:00
PRD41864,564565.27,44,981,2024-01-20 07:00:00
PRD90149,143875.11,48,151,2024-03-10 04:00:00
PRD79417,418274.73,44,756,2024-09-22 00:00:00
PRD98737,79073.07,73,677,2024-05-08 08:00:00
PRD18158,512624.3,36,637,2024-04-09 05:00:00
PRD70926,161872.2,70,860,2024-09-10 00:00:00
PRD24935,476016.57,33,419,2024-05-29 20:00:00
PRD68529,247287.64,53,589,2024-08-22 23:00:00
PRD61777,14272.33,62,313,2024-01-05 18:00:00
PRD35163,437828.52,28,360,2024-01-19 11:00:00
PRD23848,17733.24,69,470,2024-06-05 13:00:00
PRD86498,427137.1,32,306,2024-09-25 18:00:00
PRD49090,269747.45,44,353,2024-05-13 20:00:00
PRD72866,354367.21,32,253,2024-08-29 06:00:00
PRD58092,206784.1,69,864,2024-05-20 02:00:00
PRD29402,360204.29,24,26,2024-03-27 03:00:00
PRD81528,174444.54,63,723,2024-03-22 03:00:00
PRD94761,333361.99,38,446,2024-04-30 04:00:00
PRD44537,424735.84,38,589,2024-03-05 11:00:00
PRD67875,431885.06,43,832,2024-07-29 19:00:00
PRD13348,94174.02,78,964,2024-05-25 01:00:00
PRD88646,386089.33,28,59,2024-07-31 13:00:00
PRD92570,16434.1,67,341,2024-10-09 18:00:00
PRD99279,345310.21,33,81,2024-05-12 13:00:00
PRD75509,57686.02,55,21,2024-10-12 00:00:00
PRD73309,254465.63,54,773,2024-04-10 17:00:00
PRD51230,449324.05,23,46,2024-06-22 10:00:00
PRD12179,414980.55,42,748,2024-07-14 13:00:00
PRD24635,281004.45,45,287,2024-02-27 05:00:00
PRD17890,513478.44,33,468,2024-05-14 05:00:00
PRD21200,52089.65,73,727,2024-05-13 00:00:00
PRD76069,476123.39,17,61,2024-03-23 17:00:00
PRD16130,56165.83,73,898,2024-02-09 03:00:00
PRD72372,113973.51,48,131,2024-09-28 10:00:00
PRD30972,213562.27,56,699,2024-09-20 04:00:00
PRD27669,337392.16,47,722,2024-06-12 01:00:00
PRD93315,44704.65,59,256,2024-02-26 22:00:00
PRD30803,194355.3,52,533,2024-10-16 07:00:00
PRD93849,257405.51,42,244,2024-09-22 17:00:00
PRD43044,376828.78,24,98,2024-05-11 03:00:00
PRD92484,139945.98,72,983,2024-05-23 14:00:00
PRD98070,198313.38,56,502,2024-01-22 09:00:00
PRD87449,360155.0,33,285,2024-06-04 05:00:00
PRD71366,408202.49,27,215,2024-06-27 08:00:00
PRD12676,261360.37,47,388,2024-04-13 01:00:00
PRD56783,323270.16,55,737,2024-03-09 21:00:00
PRD85985,308730.64,40,207,2024-07-23 18:00:00
PRD19273,77890.91,56,169,2024-06-10 22:00:00
PRD12961,412030.81,43,762,2024-08-27 15:00:00
PRD41984,142931.03,58,444,2024-03-27 08:00:00
PRD53597,70065.7,50,122,2024-06-04 03:00:00
PRD18792,272264.4,61,920,2024-05-06 00:00:00
PRD72981,375557.46,38,505,2024-03-16 20:00:00
PRD59571,286944.38,47,405,2024-06-10 08:00:00
PRD87860,489658.21,15,49,2024-06-28 06:00:00
PRD65915,112416.73,68,670,2024-02-04 11:00:00
PRD80552,3369.71,63,216,2024-07-15 20:00:00
PRD97317,1463.69,79,716,2024-08-03 21:00:00
PRD26972,307652.75,50,742,2024-02-06 14:00:00
PRD73395,135548.62,63,673,2024-07-28 22:00:00
PRD19684,166966.53,56,500,2024-04-19 10:00:00
PRD21880,314957.79,53,751,2024-05-04 12:00:00
PRD68560,344533.33,47,765,2024-05-18 23:00:00
PRD96057,437996.68,27,233,2024-04-22 15:00:00
PRD44522,447638.86,26,307,2024-10-03 05:00:00
PRD10795,355300.59,32,233,2024-04-24 23:00:00
PRD91950,79984.65,73,881,2024-07-31 13:00:00
PRD22592,126630.21,54,174,2024-03-10 09:00:00
PRD50058,282281.8,33,141,2024-03-20 04:00:00
PRD25654,352339.26,45,652,2024-01-12 12:00:00
PRD40255,305834.82,48,544,2024-07-14 12:00:00
PRD95413,114990.82,65,724,2024-05-21 22:00:00
PRD34933,552633.78,23,415,2024-01-15 07:00:00
PRD68583,468899.14,41,855,2024-04-15 15:00:00
PRD99620,147267.72,48,267,2024-01-09 19:00:00
PRD90207,326250.53,29,31,2024-05-23 12:00:00
PRD45964,291313.93,49,441,2024-09-12 23:00:00
PRD55133,65175.33,71,746,2024-03-31 12:00:00
PRD64077,325085.32,60,932,2024-07-06 23:00:00
PRD70403,323622.05,49,763,2024-07-13 22:00:00
PRD90720,289779.39,57,834,2024-09-18 23:00:00
PRD54731,428794.22,36,575,2024-05-31 00:00:00
PRD82690,33807.55,77,810,2024-08-02 01:00:00
PRD39509,251063.92,64,888,2024-06-08 12:00:00
PRD46537,162768.45,61,660,2024-03-25 18:00:00
PRD93857,351692.86,46,520,2024-02-05 15:00:00
PRD58144,428830.3,42,803,2024-09-07 11:00:00
PRD14395,148055.91,60,438,2024-02-18 00:00:00
PRD43049,371906.9,43,681,2024-01-08 23:00:00
PRD41095,203335.41,56,713,2024-02-20 12:00:00
PRD99374,301132.02,48,512,2024-06-26 03:00:00
PRD72392,482543.56,21,228,2024-01-30 23:00:00
PRD68531,160247.18,69,797,2024-10-18 12:00:00
PRD85951,385522.67,39,619,2024-03-10 23:00:00
PRD48258,191133.8,45,206,2024-07-14 06:00:00
PRD72902,417736.94,23,147,2024-03-12 10:00:00
PRD98610,98965.43,61,603,2024-07-05 09:00:00
PRD70377,91481.49,63,576,2024-04-19 07:00:00
PRD68421,437849.55,22,80,2024-02-25 05:00:00
PRD90147,290473.81,58,815,2024-05-19 04:00:00
PRD45655,288488.15,58,723,2024-01-30 02:00:00
PRD72788,219347.41,68,957,2024-02-14 02:00:00
PRD68772,10711.25,62,262,2024-01-28 07:00:00
PRD77472,321750.36,36,322,2024-09-28 15:00:00
PRD77505,550258.43,16,176,2024-08-07 21:00:00
PRD51411,116177.85,55,368,2024-02-14 19:00:00
PRD27468,64033.97,70,743,2024-09-11 08:00:00
PRD26903,35163.63,79,801,2024-06-21 00:00:00
PRD33789,182380.03,67,930,2024-02-19 00:00:00
PRD80419,159569.72,60,458,2024-04-03 19:00:00
PRD14362,246227.68,55,676,2024-03-02 18:00:00
PRD96633,166626.63,48,335,2024-08-14 07:00:00
PRD26952,421571.28,45,679,2024-05-12 12:00:00
PRD21044,372790.16,47,636,2024-07-26 00:00:00
PRD64845,56038.42,57,241,2024-06-30 10:00:00
PRD15611,29937.04,70,704,2024-09-19 20:00:00
PRD41988,53255.22,65,566,2024-02-14 11:00:00
PRD75653,339745.68,43,500,2024-06-25 02:00:00
PRD41994,395053.35,40,513,2024-06-12 02:00:00
PRD15731,597060.34,18,392,2024-10-01 10:00:00
PRD47539,11340.47,75,601,2024-02-16 09:00:00
PRD46225,7405.27,68,554,2024-06-22 11:00:00
PRD46737,215114.25,39,151,2024-04-01 19:00:00
PRD60624,252098.88,41,214,2024-06-22 03:00:00
PRD38784,260443.65,62,826,2024-09-13 23:00:00
PRD62639,137669.79,56,413,2024-02-02 23:00:00
PRD49806,26722.97,54,146,2024-06-26 05:00:00
PRD89901,483754.86,38,747,2024-03-04 17:00:00
PRD87825,5961.3,62,247,2024-06-28 06:00:00
PRD26691,437467.95,41,590,2024-03-15 15:00:00
PRD10410,132555.69,50,129,2024-09-29 22:00:00
PRD43028,159662.71,48,298,2024-03-10 20:00:00
PRD87248,379778.1,38,426,2024-03-30 20:00:00
PRD10152,255136.6,39,171,2024-10-05 00:00:00
PRD32373,385446.65,32,139,2024-03-24 03:00:00
PRD38228,135261.85,55,308,2024-07-11 06:00:00
PRD79189,326951.56,28,79,2024-09-21 05:00:00
PRD74816,37385.04,79,990,2024-04-25 21:00:00
PRD63329,269965.6,56,771,2024-04-09 03:00:00
PRD67406,248558.24,58,900,2024-01-01 05:00:00
PRD39322,66691.15,60,369,2024-05-29 12:00:00
PRD31762,4685.64,67,499,2024-05-19 06:00:00
PRD62142,280765.66,64,927,2024-08-25 17:00:00
PRD26921,144776.69,70,779,2024-05-15 23:00:00
PRD82761,109002.4,78,943,2024-03-23 12:00:00
PRD69313,47190.57,57,336,2024-08-11 06:00:00
PRD45778,25452.68,63,334,2024-03-26 07:00:00
PRD53830,99274.09,66,730,2024-05-25 11:00:00
PRD24678,223961.82,36,81,2024-01-22 07:00:00
PRD94370,333513.26,43,535,2024-06-23 19:00:00
PRD59658,142686.57,51,128,2024-02-29 05:00:00
PRD25734,403045.23,32,336,2024-02-21 20:00:00
PRD35440,287304.98,65,978,2024-04-06 20:00:00
PRD79366,70748.99,79,969,2024-08-31 12:00:00
PRD63947,208071.24,40,45,2024-01-28 21:00:00
PRD66831,465605.6,30,309,2024-02-26 10:00:00
PRD26259,577778.3,34,878,2024-06-22 06:00:00
PRD17556,183758.16,60,658,2024-07-24 00:00:00
PRD44990,353059.13,54,909,2024-04-10 07:00:00
PRD19802,465891.93,26,243,2024-05-07 19:00:00
PRD55746,134522.13,58,503,2024-05-04 03:00:00
PRD43450,418434.79,27,265,2024-02-08 16:00:00
PRD10731,358398.73,40,496,2024-05-20 06:00:00
PRD23801,243365.56,44,239,2024-04-18 01:00:00
PRD83663,266822.76,54,657,2024-09-23 17:00:00
PRD42506,372678.59,41,596,2024-06-20 08:00:00
PRD64511,149226.46,45,65,2024-09-14 00:00:00
PRD66231,79050.48,62,437,2024-05-30 00:00:00
PRD69304,208581.49,63,820,2024-06-21 03:00:00
PRD89615,127464.29,69,902,2024-01-27 09:00:00
PRD82550,365128.02,54,886,2024-09-07 21:00:00
PRD99071,128271.66,59,561,2024-01-08 02:00:00
PRD83336,17271.51,54,6,2024-09-01 17:00:00
PRD99563,426612.93,44,680,2024-03-06 02:00:00
PRD37980,347173.98,28,95,2024-05-12 01:00:00
PRD38212,403711.66,51,972,2024-01-03 18:00:00
PRD70505,112923.17,53,182,2024-09-10 01:00:00
PRD11487,165562.3,46,79,2024-10-20 04:00:00
PRD22583,21437.64,72,505,2024-08-05 21:00:00
PRD63566,27204.61,74,685,2024-04-27 12:00:00
PRD35614,119900.7,68,710,2024-01-29 17:00:00
PRD41140,138999.58,55,456,2024-05-23 02:00:00
PRD37791,403560.53,26,210,2024-05-12 00:00:00
PRD37114,10614.76,60,164,2024-09-29 06:00:00
PRD55650,271784.43,60,863,2024-03-31 10:00:00
PRD82714,212363.32,64,812,2024-09-10 21:00:00
PRD16536,438021.61,34,541,2024-06-11 22:00:00
PRD10139,92291.53,58,437,2024-08-05 18:00:00
PRD43735,532026.55,39,837,2024-04-26 06:00:00
PRD41878,30142.15,61,375,2024-08-18 20:00:00
PRD50680,350840.74,34,167,2024-03-21 23:00:00
PRD60108,290673.34,31,89,2024-05-29 17:00:00
PRD29954,9968.13,52,68,2024-09-28 22:00:00
PRD86869,298840.74,34,123,2024-02-15 16:00:00
PRD22211,317217.21,42,469,2024-10-05 13:00:00
PRD74924,276498.1,50,538,2024-04-15 07:00:00
PRD27639,257087.94,51,618,2024-06-21 09:00:00
PRD91232,136912.91,72,803,2024-03-23 01:00:00
PRD25916,32220.37,73,758,2024-03-05 04:00:00
PRD36567,172094.27,58,527,2024-02-26 01:00:00
PRD77471,172865.29,71,850,2024-04-14 08:00:00
PRD43713,116311.03,58,293,2024-08-30 08:00:00
PRD32912,226169.16,40,88,2024-01-14 02:00:00
PRD84726,186909.0,72,944,2024-07-04 07:00:00
PRD20632,246933.93,51,399,2024-10-21 01:00:00
PRD58160,279297.28,42,251,2024-05-24 16:00:00
PRD70541,315056.23,52,811,2024-05-02 11:00:00
PRD35995,306302.57,35,136,2024-03-13 05:00:00
PRD82365,64953.03,73,731,2024-03-27 07:00:00
PRD14912,112528.82,56,471,2024-09-21 06:00:00
PRD53651,210467.47,53,373,2024-01-06 00:00:00
PRD30447,306319.91,58,889,2024-07-15 16:00:00
PRD18345,282580.07,39,141,2024-05-05 04:00:00
PRD35837,602537.37,11,76,2024-10-17 21:00:00
PRD20160,560210.75,36,841,2024-05-16 09:00:00
PRD89036,49326.18,49,22,2024-08-02 10:00:00
PRD16650,438280.35,47,778,2024-06-25 23:00:00
PRD29163,325158.43,54,848,2024-07-28 22:00:00
PRD86872,270774.94,57,811,2024-06-12 14:00:00
PRD30087,55889.26,60,456,2024-08-08 00:00:00
PRD61706,31423.58,72,747,2024-08-12 15:00:00
PRD22300,426612.08,45,739,2024-08-29 08:00:00
PRD61224,414783.22,42,505,2024-06-05 21:00:00
PRD31565,431280.08,22,161,2024-07-01 14:00:00
PRD33234,23786.34,64,505,2024-08-27 09:00:00
PRD77080,279384.87,56,816,2024-04-03 06:00:00
PRD59617,322875.55,41,311,2024-09-17 16:00:00
PRD14312,114597.11,51,229,2024-03-05 21:00:00
PRD37038,195189.78,60,535,2024-01-30 11:00:00
PRD78823,265973.04,62,906,2024-06-22 04:00:00
PRD74928,151161.62,40,26,2024-10-24 22:00:00
PRD99148,318682.71,53,715,2024-05-01 22:00:00
PRD85695,143086.55,59,642,2024-10-06 23:00:00
PRD77369,457455.82,30,453,2024-07-14 20:00:00
PRD20428,65927.93,63,526,2024-03-08 04:00:00
PRD59670,103328.89,59,565,2024-03-10 03:00:00
PRD29056,63079.89,80,901,2024-04-26 11:00:00
PRD75236,247133.26,64,860,2024-04-24 03:00:00
PRD37668,215734.04,43,313,2024-01-16 04:00:00
PRD23608,476303.49,37,627,2024-04-13 11:00:00
PRD17528,396677.35,53,945,2024-10-23 02:00:00
PRD81246,536573.61,42,984,2024-10-25 17:00:00
PRD61935,408692.54,24,156,2024-01-02 08:00:00
PRD32937,161723.25,76,998,2024-07-26 02:00:00
PRD52114,361856.58,45,695,2024-10-15 10:00:00
PRD98038,131178.43,46,99,2024-05-28 20:00:00
PRD98236,307102.18,49,469,2024-01-25 18:00:00
PRD93994,250577.16,56,823,2024-06-15 08:00:00
PRD43542,2053.5,77,734,2024-01-28 16:00:00
PRD13148,337271.93,40,352,2024-05-12 10:00:00
PRD91307,263072.29,55,565,2024-05-05 01:00:00
PRD61278,371571.26,47,750,2024-05-26 17:00:00
PRD81192,283003.14,43,247,2024-07-15 15:00:00
PRD49364,211656.89,50,421,2024-10-18 02:00:00
PRD51256,408739.59,30,368,2024-08-10 14:00:00
PRD57492,366904.69,34,123,2024-03-25 01:00:00
PRD44680,468559.89,15,19,2024-04-28 10:00:00
PRD50207,185185.55,47,145,2024-03-15 11:00:00
PRD15177,114056.98,55,310,2024-07-11 12:00:00
PRD52671,140605.85,48,67,2024-10-16 11:00:00
PRD46092,367287.15,35,420,2024-06-30 06:00:00
PRD42145,265286.37,35,159,2024-07-06 14:00:00
PRD56747,346308.58,37,256,2024-07-19 11:00:00
PRD38068,208621.38,67,892,2024-07-19 23:00:00
PRD61601,126863.61,62,508,2024-07-21 23:00:00
PRD58012,154409.4,50,213,2024-10-06 16:00:00
PRD50991,166717.6,50,368,2024-06-26 17:00:00
PRD56601,520650.91,18,137,2024-07-08 09:00:00
PRD71407,350142.7,43,538,2024-04-22 09:00:00
PRD21896,114116.18,72,785,2024-06-18 22:00:00
PRD11870,552912.42,36,867,2024-03-16 22:00:00
PRD45763,425510.21,26,45,2024-03-14 21:00:00
PRD99094,415948.11,21,6,2024-04-12 04:00:00
PRD86906,395080.38,43,567,2024-10-10 13:00:00
PRD62577,337228.75,31,172,2024-04-24 04:00:00
PRD92516,37686.78,79,799,2024-10-16 19:00:00
PRD33823,172560.89,50,243,2024-07-13 05:00:00
PRD94475,244799.89,44,345,2024-06-28 17:00:00
PRD42733,126005.68,55,422,2024-08-22 16:00:00
PRD99273,360145.81,50,873,2024-09-20 20:00:00
PRD62530,378229.79,30,138,2024-03-23 19:00:00
PRD76428,286568.4,53,600,2024-08-16 20:00:00
PRD75088,135706.3,61,704,2024-04-19 19:00:00
PRD49797,184379.09,40,115,2024-08-14 19:00:00
PRD67993,115656.86,64,751,2024-04-30 23:00:00
PRD52116,534843.91,24,280,2024-04-10 08:00:00
PRD73384,262667.85,58,769,2024-01-17 16:00:00
PRD69827,177200.22,46,240,2024-05-02 10:00:00
PRD58398,210325.74,52,425,2024-08-04 14:00:00
PRD47056,431500.13,50,990,2024-02-04 06:00:00
PRD19669,128089.63,67,667,2024-04-17 19:00:00
PRD50126,362984.8,40,584,2024-09-17 14:00:00
PRD97255,89687.62,55,351,2024-03-14 20:00:00
PRD52356,362208.09,37,400,2024-02-15 14:00:00
PRD57396,302553.2,59,961,2024-09-11 10:00:00
PRD53603,325006.46,51,786,2024-09-30 02:00:00
PRD62904,10512.61,68,482,2024-07-02 11:00:00
PRD46738,102124.85,50,65,2024-07-16 20:00:00
PRD36973,192529.73,38,25,2024-04-19 12:00:00
PRD59320,301076.95,42,261,2024-10-02 04:00:00
PRD29919,358573.0,30,69,2024-08-12 02:00:00
PRD92751,272261.85,61,944,2024-09-13 19:00:00
PRD75389,182390.26,56,409,2024-03-31 21:00:00
PRD14931,459873.49,41,848,2024-04-07 17:00:00
PRD84831,419486.86,40,651,2024-07-09 22:00:00
PRD58397,199207.13,67,878,2024-06-18 10:00:00
PRD46064,362733.93,35,400,2024-04-10 08:00:00
PRD86831,323723.16,61,947,2024-09-27 15:00:00
PRD82942,253345.4,65,898,2024-07-25 00:00:00
PRD34039,371509.21,36,319,2024-03-06 15:00:00
PRD19100,145458.52,63,799,2024-08-04 13:00:00
PRD66933,352523.26,40,327,2024-06-23 10:00:00
PRD44618,282482.8,47,493,2024-01-25 04:00:00
PRD72238,263944.05,59,719,2024-09-14 18:00:00
PRD86378,381640.62,50,836,2024-04-15 09:00:00
PRD59338,47498.66,63,325,2024-03-22 16:00:00
PRD67283,39524.77,56,146,2024-03-07 00:00:00
PRD30642,280494.57,51,713,2024-01-09 16:00:00
PRD92719,68764.57,81,977,2024-01-31 20:00:00
PRD65235,424325.75,40,713,2024-04-21 04:00:00
PRD38237,101362.12,62,541,2024-07-17 07:00:00
PRD73048,125770.9,62,682,2024-05-08 08:00:00
PRD38072,199295.75,45,337,2024-02-02 19:00:00
PRD84433,507264.71,14,34,2024-07-13 02:00:00
PRD73237,309613.1,51,587,2024-09-30 09:00:00
PRD40817,439847.84,38,463,2024-02-28 06:00:00
PRD46461,70600.3,47,27,2024-03-22 22:00:00
PRD46795,375456.93,51,804,2024-06-19 09:00:00
PRD64339,93534.71,62,421,2024-08-23 23:00:00
PRD89768,329739.61,41,477,2024-01-18 10:00:00
PRD39803,156476.17,57,410,2024-10-27 05:00:00
PRD32801,142497.86,60,587,2024-06-01 02:00:00
PRD74134,212497.98,51,421,2024-03-28 20:00:00
PRD55807,491801.03,25,406,2024-10-17 04:00:00
PRD94249,296958.95,35,70,2024-06-03 07:00:00
PRD34498,288799.25,61,846,2024-07-17 10:00:00
PRD46709,410775.04,33,339,2024-04-07 01:00:00
PRD50465,70346.68,77,908,2024-03-18 15:00:00
PRD18793,563507.65,23,257,2024-05-21 14:00:00
PRD40811,104104.73,55,176,2024-09-19 01:00:00
PRD19599,218500.7,51,312,2024-06-30 06:00:00
PRD84505,508880.97,39,781,2024-08-28 01:00:00
PRD59629,409628.24,32,436,2024-04-13 03:00:00
PRD36634,75533.34,56,251,2024-09-28 06:00:00
PRD72492,457342.55,33,407,2024-01-29 10:00:00
PRD84258,2842.27,72,533,2024-10-09 15:00:00
PRD52161,275883.61,61,850,2024-03-01 10:00:00
PRD56254,52231.97,72,722,2024-05-06 15:00:00
PRD46264,82983.62,59,298,2024-06-13 02:00:00
PRD42059,154966.02,51,323,2024-09-13 23:00:00
PRD56034,348516.28,40,491,2024-03-13 14:00:00
PRD11857,97006.5,63,465,2024-08-31 19:00:00
PRD66276,173557.33,55,365,2024-07-01 05:00:00
PRD10195,271066.59,36,19,2024-04-20 01:00:00
PRD84124,158673.87,56,607,2024-07-28 11:00:00
PRD63913,113950.32,71,703,2024-02-10 00:00:00
PRD59492,39666.73,70,614,2024-02-25 11:00:00
PRD23428,486203.16,26,362,2024-01-22 01:00:00
PRD83859,258311.09,55,615,2024-09-03 15:00:00
PRD81821,57738.34,50,99,2024-02-25 22:00:00
PRD89806,179284.93,59,723,2024-07-05 12:00:00
PRD37548,294309.47,47,377,2024-09-03 12:00:00
PRD88225,9779.07,82,999,2024-10-17 01:00:00
PRD81636,391208.58,37,520,2024-09-08 11:00:00
PRD15138,389872.55,40,383,2024-02-07 09:00:00
PRD96020,213292.34,51,472,2024-10-22 10:00:00
PRD94501,8364.33,53,39,2024-07-10 08:00:00
PRD10369,422997.7,28,267,2024-01-13 15:00:00
PRD49931,219772.33,47,349,2024-01-16 10:00:00
PRD90744,104746.07,69,822,2024-07-06 14:00:00
PRD22314,2002.61,84,889,2024-03-23 18:00:00
PRD19549,457862.76,41,633,2024-05-16 08:00:00
PRD26961,361967.47,44,430,2024-01-08 13:00:00
PRD96812,426981.18,22,22,2024-06-11 09:00:00
PRD28796,174080.72,45,5,2024-03-02 02:00:00
PRD13805,30010.34,65,359,2024-07-04 16:00:00
PRD19271,326728.3,51,621,2024-08-17 07:00:00
PRD48673,281099.17,42,159,2024-04-05 07:00:00
PRD65956,459107.79,23,210,2024-04-06 01:00:00
PRD18599,21771.56,77,945,2024-02-14 09:00:00
PRD46882,510095.78,44,950,2024-08-23 15:00:00
PRD54228,455098.75,24,232,2024-07-28 18:00:00
PRD33925,278530.22,45,448,2024-08-19 11:00:00
PRD18241,475319.51,43,785,2024-04-25 21:00:00
PRD19381,193134.95,57,722,2024-04-30 08:00:00
PRD70978,303660.42,54,773,2024-04-11 04:00:00
PRD19254,153412.94,51,217,2024-07-24 20:00:00
PRD88913,191192.14,59,696,2024-05-21 14:00:00
PRD80972,103514.6,57,397,2024-08-13 18:00:00
PRD11282,598689.62,11,228,2024-05-25 02:00:00
PRD75055,401464.69,45,836,2024-03-20 19:00:00
PRD37490,15171.73,69,600,2024-03-20 23:00:00
PRD31758,359593.97,39,548,2024-08-26 18:00:00
PRD10707,34699.42,70,621,2024-02-21 22:00:00
PRD90156,377574.72,54,926,2024-01-10 15:00:00
PRD10722,89978.14,53,141,2024-10-03 01:00:00
PRD14727,433364.63,28,308,2024-03-22 08:00:00
PRD56531,469090.42,30,241,2024-09-23 22:00:00
PRD67034,153910.85,72,842,2024-06-12 00:00:00
PRD62945,262124.21,39,89,2024-02-25 02:00:00
PRD33611,59530.87,60,202,2024-03-18 06:00:00
PRD82100,122827.98,67,708,2024-08-07 03:00:00
PRD83379,341244.48,32,209,2024-07-25 04:00:00
PRD83107,190463.51,45,174,2024-09-20 11:00:00
PRD22391,41447.56,64,357,2024-02-08 07:00:00
PRD75729,338296.7,38,366,2024-04-19 15:00:00
PRD26382,368241.42,51,924,2024-10-14 05:00:00
PRD66761,372550.34,48,631,2024-06-16 15:00:00
PRD19472,212162.14,55,704,2024-09-03 22:00:00
PRD37922,117199.29,58,441,2024-03-04 04:00:00
PRD31144,140596.42,63,709,2024-08-12 15:00:00
PRD20094,160590.17,45,174,2024-02-04 14:00:00
PRD87908,44349.93,74,910,2024-06-17 15:00:00
PRD20077,134898.08,64,536,2024-07-29 06:00:00
PRD82496,34427.08,64,528,2024-05-08 20:00:00
PRD58268,511171.36,28,509,2024-02-24 01:00:00
PRD71482,375161.17,31,164,2024-03-31 15:00:00
PRD22315,293097.32,44,486,2024-04-04 08:00:00
PRD87039,399072.08,37,295,2024-07-01 17:00:00
PRD75311,324158.49,37,375,2024-04-23 01:00:00
PRD66086,267052.9,62,863,2024-10-01 19:00:00
PRD96815,245618.3,51,599,2024-09-14 18:00:00
PRD67885,164951.74,62,626,2024-03-05 11:00:00
PRD47244,177550.04,60,782,2024-03-03 15:00:00
PRD11708,483469.54,32,583,2024-09-19 20:00:00
PRD14363,310190.41,46,613,2024-03-02 05:00:00
PRD68023,451392.61,24,21,2024-08-26 18:00:00
PRD58729,496204.72,36,590,2024-10-20 04:00:00
PRD34560,129051.44,50,278,2024-06-09 00:00:00
PRD15907,438695.44,26,315,2024-09-18 21:00:00
PRD30684,78740.15,74,758,2024-04-22 10:00:00
PRD52276,251584.83,44,203,2024-08-05 21:00:00
PRD30008,37380.5,57,34,2024-01-06 17:00:00
PRD77623,310484.08,50,675,2024-04-14 19:00:00
PRD37168,317198.02,39,287,2024-05-19 09:00:00
PRD31056,449094.51,49,898,2024-03-24 05:00:00
PRD91000,201715.33,44,103,2024-09-03 19:00:00
PRD93853,369431.88,52,925,2024-01-29 05:00:00
PRD41526,343645.17,60,979,2024-05-31 05:00:00
PRD94016,230583.63,50,379,2024-05-20 10:00:00
PRD77824,43430.05,58,376,2024-07-29 00:00:00
PRD91781,305681.24,54,710,2024-06-14 11:00:00
PRD44973,89124.59,54,113,2024-01-28 16:00:00
PRD27100,120394.91,52,148,2024-07-06 22:00:00
PRD91519,64841.56,58,205,2024-03-24 18:00:00
PRD29430,190479.1,50,298,2024-10-15 14:00:00
PRD73923,283845.76,48,474,2024-06-04 02:00:00
PRD75333,412153.61,22,83,2024-03-05 03:00:00
PRD48935,218271.81,56,617,2024-09-06 00:00:00
PRD44685,261154.57,67,959,2024-09-23 16:00:00
PRD97872,251125.07,68,950,2024-03-16 19:00:00
PRD60945,317516.39,41,329,2024-05-07 09:00:00
PRD80296,377755.32,33,396,2024-05-06 11:00:00
PRD10004,234996.88,59,609,2024-02-15 21:00:00
PRD82800,224469.28,42,150,2024-05-16 00:00:00
PRD78545,47434.62,75,868,2024-02-01 22:00:00
PRD39359,309455.21,32,92,2024-09-04 19:00:00
PRD29472,1362.23,72,513,2024-09-25 22:00:00
PRD32547,304296.11,38,168,2024-06-25 13:00:00
PRD94012,42518.94,63,416,2024-08-27 15:00:00
PRD79903,30176.96,67,346,2024-08-13 18:00:00
PRD21969,278745.95,50,638,2024-05-16 17:00:00
PRD83617,62747.03,61,358,2024-05-17 21:00:00
PRD33066,221211.25,37,112,2024-05-11 19:00:00
PRD71413,457863.59,39,636,2024-08-11 01:00:00
PRD18115,405082.68,35,436,2024-03-20 12:00:00
PRD44087,482132.61,17,118,2024-07-04 07:00:00
PRD92451,488319.2,45,925,2024-06-18 05:00:00
PRD72070,198301.61,57,545,2024-02-09 23:00:00
PRD72082,45249.86,58,174,2024-07-26 02:00:00
PRD53480,266563.99,37,180,2024-02-14 06:00:00
PRD48988,318739.98,38,233,2024-09-07 02:00:00
PRD67393,428486.66,50,976,2024-01-19 13:00:00
PRD10665,145683.23,42,64,2024-06-10 21:00:00
PRD48749,161183.41,59,537,2024-05-16 22:00:00
PRD95693,90626.08,77,923,2024-05-25 04:00:00
PRD39808,308586.62,52,762,2024-09-19 03:00:00
PRD59865,263170.72,48,506,2024-09-01 11:00:00
PRD56815,520545.8,32,459,2024-06-06 18:00:00
PRD45380,390002.66,40,518,2024-07-24 16:00:00
PRD69335,403159.94,28,146,2024-02-19 04:00:00
PRD80844,97894.65,57,222,2024-10-20 17:00:00
PRD21949,250560.04,50,369,2024-10-26 22:00:00
PRD22140,79424.62,78,975,2024-07-13 16:00:00
PRD87449,373629.74,34,137,2024-04-29 16:00:00
PRD30717,584712.56,22,366,2024-05-17 15:00:00
PRD89117,393501.1,41,603,2024-03-21 17:00:00
PRD82793,217845.23,45,347,2024-08-27 07:00:00
PRD39213,117742.04,54,294,2024-05-16 05:00:00
PRD51874,406780.3,53,885,2024-05-17 11:00:00
PRD23508,177734.17,60,777,2024-02-11 04:00:00
PRD20933,161618.89,48,337,2024-01-22 15:00:00
PRD25869,437798.84,32,320,2024-05-11 03:00:00
PRD29998,285291.23,36,92,2024-02-29 19:00:00
PRD73312,317128.57,57,782,2024-01-07 18:00:00
PRD27349,48991.75,61,404,2024-05-04 14:00:00
PRD84591,54511.49,58,224,2024-07-17 12:00:00
PRD41836,474053.31,23,183,2024-03-08 15:00:00
PRD11012,175799.27,70,853,2024-02-13 21:00:00
PRD53886,221578.26,64,839,2024-09-29 23:00:00
PRD36339,244814.13,61,879,2024-07-29 09:00:00
PRD50515,343140.36,37,416,2024-10-20 17:00:00
PRD63496,590578.98,24,471,2024-02-26 19:00:00
PRD37993,125055.11,67,824,2024-09-07 04:00:00
PRD25659,459554.34,42,794,2024-04-13 19:00:00
PRD77531,149964.32,50,130,2024-03-20 18:00:00
PRD67212,289022.65,64,979,2024-06-26 23:00:00
PRD14643,406395.29,23,39,2024-01-10 01:00:00
PRD89625,87835.37,61,377,2024-04-07 19:00:00
PRD27512,78068.74,57,395,2024-01-20 00:00:00
PRD21643,375492.27,40,467,2024-08-05 21:00:00
PRD76271,209617.93,57,640,2024-10-11 08:00:00
PRD86209,257303.18,56,813,2024-10-18 05:00:00
PRD85394,590813.16,34,931,2024-10-24 01:00:00
PRD83872,84460.6,56,249,2024-02-11 03:00:00
PRD14548,138368.46,61,669,2024-07-20 14:00:00
PRD82286,225721.5,56,713,2024-08-03 07:00:00
PRD72539,222081.3,41,193,2024-04-08 08:00:00
PRD26355,198495.15,65,940,2024-05-26 12:00:00
PRD85702,304323.41,50,641,2024-02-13 13:00:00
PRD16647,67039.55,66,440,2024-01-22 08:00:00
PRD60911,143278.22,64,595,2024-07-02 20:00:00
PRD69090,491576.88,36,627,2024-09-21 18:00:00
PRD99015,337822.23,38,350,2024-07-05 19:00:00
PRD46877,301656.38,36,36,2024-07-09 02:00:00
PRD68386,113098.2,49,176,2024-06-15 15:00:00
PRD98795,265064.45,37,74,2024-05-06 13:00:00
PRD52529,67626.76,64,358,2024-04-28 05:00:00
PRD34636,44982.78,52,35,2024-07-11 15:00:00
PRD49847,214473.9,58,717,2024-07-24 15:00:00
PRD60776,274107.31,46,347,2024-02-22 14:00:00
PRD63723,321530.13,42,466,2024-01-22 07:00:00
PRD19276,175454.48,67,825,2024-04-30 20:00:00
PRD13830,16367.31,62,304,2024-08-10 19:00:00
PRD29739,109272.67,52,213,2024-08-29 12:00:00
PRD10838,145073.91,72,937,2024-07-27 19:00:00
PRD21633,149704.4,57,479,2024-01-22 04:00:00
PRD84343,486946.0,41,873,2024-06-19 10:00:00
PRD74969,4753.94,67,314,2024-04-12 23:00:00
PRD97624,69155.72,71,875,2024-03-07 10:00:00
PRD91232,336178.34,54,837,2024-06-24 14:00:00
PRD65037,69637.1,81,942,2024-05-03 21:00:00
PRD47436,411497.0,37,341,2024-04-24 15:00:00
PRD54699,208105.03,45,352,2024-09-17 16:00:00
PRD48301,385959.96,38,376,2024-04-05 10:00:00
PRD94518,337176.07,47,572,2024-03-18 23:00:00
PRD29334,333615.25,47,653,2024-07-18 02:00:00
PRD56270,62414.27,62,300,2024-03-23 13:00:00
PRD70249,382811.15,24,61,2024-07-17 09:00:00
PRD60196,326239.55,51,579,2024-01-23 00:00:00
PRD47488,454296.06,29,293,2024-09-04 19:00:00
PRD13470,40413.82,56,248,2024-03-01 23:00:00
PRD15121,176813.55,72,989,2024-01-17 22:00:00
PRD45267,30423.19,79,894,2024-05-05 16:00:00
PRD42289,137127.86,48,6,2024-01-12 17:00:00
PRD24168,571634.37,20,230,2024-06-27 03:00:00
PRD18053,128066.16,67,638,2024-08-06 09:00:00
PRD79301,55207.14,74,894,2024-03-01 10:00:00
PRD51305,193505.55,57,590,2024-07-13 19:00:00
PRD36193,233156.56,41,72,2024-05-12 22:00:00
PRD16349,79507.99,61,320,2024-08-27 15:00:00
PRD73236,269277.23,58,776,2024-08-11 10:00:00
PRD69838,25592.38,67,560,2024-06-07 20:00:00
PRD76725,89583.2,71,766,2024-03-21 03:00:00
PRD70919,314258.99,30,15,2024-06-08 09:00:00
PRD74648,341979.86,61,989,2024-06-12 21:00:00
PRD34020,314896.11,57,813,2024-04-07 01:00:00
PRD52414,323741.22,57,971,2024-03-26 11:00:00
PRD78057,417455.54,40,549,2024-09-09 19:00:00
PRD61328,59543.53,75,960,2024-08-25 08:00:00
PRD77665,452037.9,33,321,2024-01-05 21:00:00
PRD26615,146338.5,59,415,2024-06-03 14:00:00
PRD51157,97038.83,73,741,2024-02-08 20:00:00
PRD94933,227981.37,50,478,2024-10-01 01:00:00
PRD99210,9022.99,55,165,2024-07-10 18:00:00
PRD42603,250330.46,36,40,2024-01-12 06:00:00
PRD61305,435861.12,21,2,2024-06-08 09:00:00
PRD90207,144923.98,49,238,2024-04-06 10:00:00
PRD67009,7228.78,83,869,2024-03-28 22:00:00
PRD57145,139911.37,65,848,2024-10-10 19:00:00
PRD90869,255616.15,51,684,2024-02-28 15:00:00
PRD76172,310245.49,59,847,2024-09-18 11:00:00
PRD86753,546865.74,39,790,2024-05-31 07:00:00
PRD90083,183646.4,59,640,2024-08-17 14:00:00
PRD41277,217272.08,42,248,2024-02-27 05:00:00
PRD39748,120371.73,51,248,2024-01-31 11:00:00
PRD75681,18678.78,58,313,2024-03-29 07:00:00
PRD75659,128689.39,46,193,2024-08-28 03:00:00
PRD60907,331102.25,39,399,2024-01-26 22:00:00
PRD61793,176300.74,51,342,2024-02-10 04:00:00
PRD54883,100998.16,73,990,2024-01-04 21:00:00
PRD68836,40808.49,68,431,2024-01-18 02:00:00
PRD14489,250658.92,63,914,2024-09-16 07:00:00
PRD31881,129806.18,50,153,2024-01-17 16:00:00
PRD57481,232522.77,62,892,2024-08-31 12:00:00
PRD68659,163561.51,71,879,2024-02-11 20:00:00
PRD56151,31705.28,70,526,2024-05-31 01:00:00
PRD23530,317876.97,35,153,2024-03-30 09:00:00
PRD19698,452985.41,45,945,2024-09-11 23:00:00
PRD78117,180051.12,63,653,2024-03-10 04:00:00
PRD86418,543759.23,12,8,2024-02-20 21:00:00
PRD10866,212459.29,56,519,2024-09-19 10:00:00
PRD69527,89891.1,78,942,2024-03-23 22:00:00
PRD96876,72435.55,58,379,2024-10-15 19:00:00
PRD35852,10641.06,73,539,2024-06-04 05:00:00
PRD51385,29389.79,79,974,2024-08-19 21:00:00
PRD90472,441479.29,43,809,2024-09-25 01:00:00
PRD93080,1584.63,80,920,2024-09-07 11:00:00
PRD42057,505708.52,21,128,2024-09-27 04:00:00
PRD88590,335938.33,45,605,2024-04-11 15:00:00
PRD43883,485334.48,38,650,2024-01-19 11:00:00
PRD17526,371736.02,38,398,2024-02-10 19:00:00
PRD77886,132669.32,56,331,2024-03-11 08:00:00
PRD26813,224648.44,43,167,2024-06-06 07:00:00
PRD33566,154856.73,46,6,2024-02-20 09:00:00
PRD83274,162290.19,48,214,2024-08-03 05:00:00
PRD42957,470614.87,18,78,2024-07-19 11:00:00
PRD58710,30186.97,71,541,2024-09-18 01:00:00
PRD30825,376287.21,50,701,2024-10-08 05:00:00
PRD17351,355054.72,30,161,2024-05-04 07:00:00
PRD76976,195850.86,57,683,2024-06-19 21:00:00
PRD65748,124831.01,67,704,2024-06-10 18:00:00
PRD78325,147839.34,65,687,2024-03-10 05:00:00
PRD23560,32846.53,59,279,2024-07-09 16:00:00
PRD25830,562674.36,12,30,2024-03-18 21:00:00
PRD58702,160310.61,50,210,2024-02-25 04:00:00
PRD33805,134733.12,61,656,2024-08-12 17:00:00
PRD69060,126358.72,72,800,2024-05-07 13:00:00
PRD92448,228652.44,63,987,2024-07-05 07:00:00
PRD35175,323685.82,61,942,2024-07-27 18:00:00
PRD57550,559701.54,20,156,2024-05-13 06:00:00
PRD12730,489670.74,23,178,2024-06-26 03:00:00
PRD67905,307097.95,45,431,2024-06-12 11:00:00
PRD74701,174802.5,45,160,2024-03-11 21:00:00
PRD42158,245593.8,40,275,2024-10-14 12:00:00
PRD93611,243758.06,40,27,2024-02-27 08:00:00
PRD40019,97451.16,74,888,2024-10-25 20:00:00
PRD33394,315339.96,55,816,2024-06-25 05:00:00
PRD48930,359987.62,33,263,2024-07-10 19:00:00
PRD28636,132167.16,43,17,2024-05-28 21:00:00
PRD73969,28090.9,61,363,2024-08-15 04:00:00
PRD10519,149756.02,74,973,2024-01-01 13:00:00
PRD49177,367616.24,30,184,2024-08-23 03:00:00
PRD28415,277029.31,41,166,2024-01-13 05:00:00
PRD31390,289262.09,50,517,2024-08-02 11:00:00
PRD60737,528317.18,35,675,2024-08-10 01:00:00
PRD12366,133648.74,49,264,2024-01-12 08:00:00
PRD70503,337197.29,51,733,2024-03-23 06:00:00
PRD77981,216591.9,55,461,2024-03-07 13:00:00
PRD48606,274974.04,37,17,2024-05-21 05:00:00
PRD55678,443514.03,23,118,2024-01-25 13:00:00
PRD81776,398956.91,40,646,2024-07-28 08:00:00
PRD25394,129662.0,53,288,2024-06-25 21:00:00
PRD92137,378938.67,42,578,2024-05-31 08:00:00
PRD64572,116897.39,54,343,2024-04-23 20:00:00
PRD34559,469192.65,50,927,2024-07-13 08:00:00
PRD50773,118129.19,51,271,2024-07-28 12:00:00
PRD84715,501438.47,21,269,2024-08-05 23:00:00
PRD97413,70441.01,65,636,2024-06-20 23:00:00
PRD34629,72306.72,73,909,2024-03-15 19:00:00
PRD66964,295677.03,44,444,2024-05-08 07:00:00
PRD89068,53394.26,75,970,2024-06-13 15:00:00
PRD29336,152130.99,54,273,2024-08-02 01:00:00
PRD60589,274697.74,48,490,2024-01-29 00:00:00
PRD66971,326739.73,44,413,2024-07-28 11:00:00
PRD40073,281623.31,33,57,2024-06-19 05:00:00
PRD58814,206432.28,67,826,2024-09-06 06:00:00
PRD71552,40466.8,66,425,2024-10-13 11:00:00
PRD57436,535963.54,36,803,2024-10-18 03:00:00
PRD80861,244274.27,67,976,2024-07-05 00:00:00
PRD55163,310947.9,37,309,2024-05-10 13:00:00
PRD96273,516918.81,39,810,2024-05-24 10:00:00
PRD29857,366644.49,31,251,2024-02-17 22:00:00
PRD32857,269300.23,47,350,2024-04-22 05:00:00
PRD11796,395907.04,40,451,2024-03-18 10:00:00
PRD12601,200783.55,49,386,2024-06-04 21:00:00
PRD48017,127066.06,65,549,2024-10-01 18:00:00
PRD96782,39317.56,63,367,2024-10-06 15:00:00
PRD95939,215505.92,41,208,2024-09-02 22:00:00
PRD93069,28350.2,60,286,2024-01-25 22:00:00
PRD98136,133162.9,54,331,2024-07-06 14:00:00
PRD61964,296296.64,31,61,2024-05-21 21:00:00
PRD17995,13778.16,58,142,2024-07-12 22:00:00
PRD52094,59642.02,54,87,2024-01-23 20:00:00
PRD90862,144487.82,65,762,2024-06-12 07:00:00
PRD39787,197473.01,48,166,2024-02-05 01:00:00
PRD44113,356343.07,43,635,2024-07-16 15:00:00
PRD75102,120669.47,59,522,2024-03-24 00:00:00
PRD30231,302538.94,32,12,2024-09-12 10:00:00
PRD49151,371032.45,44,565,2024-09-18 19:00:00
PRD58487,147650.75,65,712,2024-03-25 03:00:00
PRD51171,347836.59,54,818,2024-05-12 18:00:00
PRD12190,506365.57,37,786,2024-09-23 02:00:00
PRD96049,236935.68,44,404,2024-09-16 16:00:00
PRD87242,287576.19,65,951,2024-09-30 22:00:00
PRD32432,457657.51,20,122,2024-02-12 04:00:00
PRD38779,583596.0,12,120,2024-10-15 20:00:00
PRD38534,110457.62,67,836,2024-06-17 00:00:00
PRD37189,272130.41,58,761,2024-01-21 10:00:00
PRD29533,598876.23,14,98,2024-06-24 15:00:00
PRD61385,209514.27,52,403,2024-05-18 06:00:00
PRD55424,498278.71,43,970,2024-03-19 05:00:00
PRD43751,186255.36,66,886,2024-10-01 14:00:00
PRD57216,222327.42,62,923,2024-06-04 12:00:00
PRD24256,280624.49,52,724,2024-08-31 23:00:00
PRD71459,321877.77,51,586,2024-10-12 10:00:00
PRD58091,184478.38,54,584,2024-09-20 14:00:00
PRD33590,233602.4,62,748,2024-03-03 07:00:00
PRD61660,46256.98,81,951,2024-02-18 08:00:00
PRD64333,123087.53,47,190,2024-07-27 06:00:00
PRD97803,201890.15,42,9,2024-06-23 17:00:00
PRD28865,24669.51,77,740,2024-03-13 06:00:00
PRD96402,284013.21,44,405,2024-10-25 11:00:00
PRD21656,167366.28,51,352,2024-09-30 20:00:00
PRD79892,373816.91,30,46,2024-01-08 08:00:00
PRD32161,117237.72,73,940,2024-05-03 04:00:00
PRD16073,344621.01,59,900,2024-04-24 20:00:00
PRD53706,152685.44,60,591,2024-09-12 16:00:00
PRD67809,210050.5,42,39,2024-02-29 02:00:00
PRD23569,78707.45,74,786,2024-09-27 06:00:00
PRD91795,329620.49,32,138,2024-01-18 02:00:00
PRD41805,250265.26,59,690,2024-02-29 05:00:00
PRD64867,57293.53,67,679,2024-10-21 11:00:00
PRD48447,185155.08,50,256,2024-04-12 04:00:00
PRD84823,456200.67,23,54,2024-03-06 23:00:00
PRD62350,238164.45,54,672,2024-01-05 16:00:00
PRD75570,568480.95,25,381,2024-04-12 11:00:00
PRD31904,136655.59,64,610,2024-07-12 01:00:00
PRD15108,231403.54,63,961,2024-05-17 21:00:00
PRD31731,362181.42,39,467,2024-02-13 12:00:00
PRD67727,70895.39,77,860,2024-08-18 11:00:00
PRD58443,189692.4,41,71,2024-07-10 23:00:00
PRD20730,241947.33,61,822,2024-03-25 22:00:00
PRD15018,182245.98,60,540,2024-01-15 14:00:00
PRD65703,87415.87,61,401,2024-09-10 13:00:00
PRD76552,35162.44,70,635,2024-10-23 17:00:00
PRD67678,275385.32,40,272,2024-09-23 05:00:00
PRD14801,292446.16,52,549,2024-05-30 03:00:00
PRD86878,398681.46,45,699,2024-09-11 01:00:00
PRD62190,70446.38,56,152,2024-07-24 07:00:00
PRD73920,218226.03,59,854,2024-10-04 01:00:00
PRD36878,163885.48,65,785,2024-10-06 14:00:00
PRD55238,183038.38,62,667,2024-07-10 16:00:00
PRD90340,72287.26,67,540,2024-03-04 00:00:00
PRD96323,305431.83,30,90,2024-10-15 15:00:00
PRD74624,123459.02,65,595,2024-01-31 18:00:00
PRD14267,217968.05,47,426,2024-01-31 20:00:00
PRD33498,44412.47,79,796,2024-05-06 10:00:00
PRD17885,381308.3,43,615,2024-08-06 02:00:00
PRD23300,3876.78,61,239,2024-07-13 23:00:00
PRD64894,323476.46,36,197,2024-04-28 14:00:00
PRD51934,114576.63,56,465,2024-03-27 06:00:00
PRD83951,196557.21,61,851,2024-01-17 23:00:00
PRD14643,215966.27,59,650,2024-02-23 05:00:00
PRD47051,280895.28,56,893,2024-06-16 19:00:00
PRD77345,489566.78,37,538,2024-10-21 23:00:00
PRD44929,268170.72,40,274,2024-07-10 23:00:00
PRD95444,48175.29,59,293,2024-05-23 20:00:00
PRD27644,106501.35,62,524,2024-03-02 00:00:00
PRD70152,435371.04,48,871,2024-07-22 15:00:00
PRD93224,266002.71,63,932,2024-02-09 14:00:00
PRD23051,516244.0,31,412,2024-07-05 00:00:00
PRD72477,7547.03,77,916,2024-06-29 14:00:00
PRD12851,189867.07,57,657,2024-01-08 20:00:00
PRD75363,21431.25,54,4,2024-04-23 15:00:00
PRD93786,315510.82,42,425,2024-09-01 19:00:00
PRD37169,266241.53,44,190,2024-03-14 12:00:00
PRD56629,178236.2,43,87,2024-08-04 22:00:00
PRD75874,111140.08,57,490,2024-01-05 00:00:00
PRD56236,455360.79,26,329,2024-03-17 11:00:00
PRD92299,252829.12,43,187,2024-04-03 13:00:00
PRD17395,226112.38,48,486,2024-07-06 00:00:00
PRD86380,83588.55,60,276,2024-09-12 20:00:00
PRD77511,295346.9,55,724,2024-07-18 17:00:00
PRD33729,116306.52,64,680,2024-04-16 02:00:00
PRD18086,461928.8,36,632,2024-05-14 21:00:00
PRD47748,432391.68,24,97,2024-01-09 04:00:00
PRD74483,371342.56,51,962,2024-01-17 15:00:00
PRD71798,326867.3,47,663,2024-10-06 10:00:00
PRD60674,281656.08,37,220,2024-06-07 04:00:00
PRD22748,102904.92,52,181,2024-06-08 01:00:00
PRD72947,624848.24,12,288,2024-01-02 12:00:00
PRD97514,115724.38,52,270,2024-07-02 02:00:00
PRD97116,210835.54,44,134,2024-09-12 14:00:00
PRD20654,353626.17,60,958,2024-08-02 08:00:00
PRD99059,251468.44,55,798,2024-03-18 19:00:00
PRD86272,129103.92,57,379,2024-08-15 15:00:00
PRD55528,248327.1,51,517,2024-09-06 07:00:00
PRD89542,182421.77,56,506,2024-03-28 20:00:00
PRD97375,124029.2,70,686,2024-07-23 19:00:00
PRD48500,199361.88,57,529,2024-03-02 04:00:00
PRD44957,292605.37,40,133,2024-01-29 15:00:00
PRD52246,207357.69,55,602,2024-09-16 03:00:00
PRD32900,125595.2,45,74,2024-04-17 22:00:00
PRD77404,300861.58,44,362,2024-02-08 07:00:00
PRD61741,205016.91,65,987,2024-02-15 21:00:00
PRD46292,279639.7,42,437,2024-06-07 09:00:00
PRD64854,53213.91,57,337,2024-09-12 13:00:00
PRD85301,457556.48,37,651,2024-06-22 22:00:00
PRD57162,397537.91,30,136,2024-01-29 06:00:00
PRD79143,327427.01,57,816,2024-05-13 22:00:00
PRD94918,185244.56,62,672,2024-10-18 02:00:00
PRD80352,69132.17,70,630,2024-09-27 23:00:00
PRD48084,137586.62,57,513,2024-06-01 11:00:00
PRD27346,385681.26,45,552,2024-09-26 17:00:00
PRD74063,328495.21,51,755,2024-06-07 14:00:00
PRD42814,335606.64,52,679,2024-01-17 05:00:00
PRD27904,379776.49,33,264,2024-05-04 06:00:00
PRD74741,269392.24,38,62,2024-01-21 13:00:00
PRD39505,202486.97,63,813,2024-02-19 10:00:00
PRD85117,104274.06,62,594,2024-02-04 13:00:00
PRD12104,429372.66,36,353,2024-08-27 20:00:00
PRD20588,312554.14,33,59,2024-09-11 02:00:00
PRD66540,188176.47,43,205,2024-09-29 05:00:00
PRD76417,359052.1,26,60,2024-06-21 02:00:00
PRD13868,248107.77,34,25,2024-08-22 13:00:00
PRD59923,482609.82,38,814,2024-05-02 15:00:00
PRD31391,158314.82,62,720,2024-04-28 02:00:00
PRD86427,313620.43,37,102,2024-09-24 20:00:00
PRD74153,388371.01,46,603,2024-08-06 20:00:00
PRD46815,151747.7,54,416,2024-01-30 21:00:00
PRD85695,455636.69,34,472,2024-06-02 08:00:00
PRD53039,442437.49,23,33,2024-07-29 19:00:00
PRD91852,277713.57,46,497,2024-04-09 11:00:00
PRD70601,149251.83,69,918,2024-08-24 22:00:00
PRD42428,48223.24,55,222,2024-02-28 08:00:00
PRD98488,13637.0,55,196,2024-07-27 01:00:00
PRD43907,235600.15,61,728,2024-09-20 07:00:00
PRD73128,420004.07,21,97,2024-08-26 09:00:00
PRD59317,219650.57,45,186,2024-04-12 15:00:00
PRD52484,280698.35,51,455,2024-06-15 23:00:00
PRD75848,331332.59,44,506,2024-02-25 22:00:00
PRD59340,301204.38,35,61,2024-04-23 02:00:00
PRD14402,221823.5,45,320,2024-01-10 02:00:00
PRD44461,247995.51,37,10,2024-10-01 04:00:00
PRD78421,283519.67,40,103,2024-04-01 13:00:00
PRD72265,50003.06,78,903,2024-09-30 22:00:00
PRD43816,418668.56,33,375,2024-09-17 22:00:00
PRD14257,321080.32,55,850,2024-07-10 00:00:00
PRD59432,503166.3,30,499,2024-07-05 03:00:00
PRD80168,259107.25,45,491,2024-04-20 09:00:00
PRD89459,40711.01,78,764,2024-10-06 17:00:00
PRD28255,406571.1,45,808,2024-01-07 19:00:00
PRD18719,127724.52,73,858,2024-05-12 20:00:00
PRD91254,51761.21,49,28,2024-08-03 13:00:00
PRD70845,323343.33,49,723,2024-01-13 08:00:00
PRD43561,38303.73,56,263,2024-06-20 06:00:00
PRD64420,25805.32,74,785,2024-08-11 14:00:00
PRD44675,113395.83,63,476,2024-06-26 18:00:00
PRD91573,17815.82,74,668,2024-08-03 05:00:00
PRD38065,280343.13,62,939,2024-08-23 15:00:00
PRD80120,375975.61,32,126,2024-08-16 09:00:00
PRD35177,335031.66,55,788,2024-06-16 16:00:00
PRD67908,272461.93,49,451,2024-06-28 03:00:00
PRD15285,301953.08,39,195,2024-10-21 19:00:00
PRD94257,583058.54,40,869,2024-05-24 06:00:00
PRD59134,296488.36,54,737,2024-08-16 02:00:00
PRD57502,365062.35,58,992,2024-10-17 00:00:00
PRD50357,383394.45,47,813,2024-07-09 09:00:00
PRD56149,39825.1,66,544,2024-08-16 12:00:00
PRD41886,46015.02,70,498,2024-06-08 08:00:00
PRD22975,522043.83,22,308,2024-08-28 18:00:00
PRD12140,31529.4,74,594,2024-02-03 01:00:00
PRD15103,276846.13,45,393,2024-04-20 17:00:00
PRD29916,394055.72,27,26,2024-09-19 15:00:00
PRD29165,513894.72,31,427,2024-09-25 02:00:00
PRD92037,61392.32,62,374,2024-04-13 00:00:00
PRD32827,355888.85,30,26,2024-02-27 06:00:00
PRD24469,179104.72,55,458,2024-05-30 12:00:00
PRD29392,168663.23,62,604,2024-06-02 23:00:00
PRD54518,263431.19,50,563,2024-07-25 13:00:00
PRD67999,218292.19,59,761,2024-04-28 14:00:00
PRD51903,321397.17,44,532,2024-06-20 17:00:00
PRD45595,418689.99,26,251,2024-04-01 09:00:00
PRD36902,332039.64,46,426,2024-04-07 15:00:00
PRD56318,12038.15,54,79,2024-01-11 13:00:00
PRD34874,66872.89,57,340,2024-05-23 11:00:00
PRD47924,19880.91,70,545,2024-05-01 12:00:00
PRD70982,602839.58,24,491,2024-08-13 03:00:00
PRD38905,257732.32,45,492,2024-02-29 02:00:00
PRD56239,86502.83,59,335,2024-05-12 10:00:00
PRD25222,13250.5,62,373,2024-03-30 14:00:00
PRD44272,147125.74,56,542,2024-07-23 00:00:00
PRD37866,274639.88,48,590,2024-10-23 19:00:00
PRD46729,314288.55,55,839,2024-07-03 16:00:00
PRD25629,421781.14,51,852,2024-09-28 21:00:00
PRD61098,571915.52,20,318,2024-02-27 17:00:00
PRD14797,497970.34,32,520,2024-06-10 14:00:00
PRD91865,147831.09,62,520,2024-03-01 00:00:00
PRD25872,343853.33,54,764,2024-10-27 13:00:00
PRD46913,8409.93,75,632,2024-08-30 10:00:00
PRD10970,406955.31,37,566,2024-03-26 20:00:00
PRD63099,37835.99,78,821,2024-04-09 14:00:00
PRD81578,36294.64,77,873,2024-02-09 19:00:00
PRD95689,189867.16,66,730,2024-01-30 15:00:00
PRD55675,28747.89,78,901,2024-05-27 20:00:00
PRD23028,413044.29,56,995,2024-04-24 02:00:00
PRD84869,67471.63,58,228,2024-10-05 20:00:00
PRD30461,297901.95,36,13,2024-09-11 15:00:00
PRD94422,353643.87,31,142,2024-07-13 16:00:00
PRD79583,156470.37,76,989,2024-10-12 13:00:00
PRD73076,153805.83,54,424,2024-04-28 11:00:00
PRD54026,138104.99,50,115,2024-09-21 12:00:00
PRD79645,162196.53,67,825,2024-06-08 17:00:00
PRD29740,177989.21,47,67,2024-01-29 02:00:00
PRD78044,252785.91,59,817,2024-09-09 10:00:00
PRD95071,347038.48,50,854,2024-05-28 18:00:00
PRD44632,484831.81,39,760,2024-07-28 12:00:00
PRD87638,226229.65,39,176,2024-03-17 18:00:00
PRD45140,195056.94,46,139,2024-01-09 19:00:00
PRD14415,187895.35,64,694,2024-09-20 23:00:00
PRD89173,200442.98,49,480,2024-10-20 09:00:00
PRD90947,124529.02,56,426,2024-03-11 16:00:00
PRD13135,38581.7,66,591,2024-05-29 11:00:00
PRD76020,206887.49,65,765,2024-07-17 17:00:00
PRD60608,89856.69,65,695,2024-10-01 04:00:00
PRD60687,322761.21,35,285,2024-07-19 11:00:00
PRD38521,255935.14,39,0,2024-08-19 08:00:00
PRD50206,492779.86,46,836,2024-05-15 01:00:00
PRD83812,83926.27,62,349,2024-03-07 08:00:00
PRD44760,324254.66,44,346,2024-05-16 02:00:00
PRD14103,134819.36,59,540,2024-03-11 04:00:00
PRD73476,335499.95,40,335,2024-03-31 21:00:00
PRD14261,330636.68,55,990,2024-05-03 04:00:00
PRD29639,306105.48,34,100,2024-01-27 09:00:00
PRD91734,13743.5,70,626,2024-02-20 20:00:00
PRD60708,267119.1,54,646,2024-10-25 12:00:00
PRD23812,97279.64,59,311,2024-05-03 02:00:00
PRD47145,378832.23,25,113,2024-02-03 02:00:00
PRD43497,245165.93,50,569,2024-03-13 15:00:00
PRD38638,33806.22,75,744,2024-06-14 06:00:00
PRD76695,21760.34,56,28,2024-06-05 01:00:00
PRD19137,515824.37,13,52,2024-06-04 15:00:00
PRD43515,79029.9,74,816,2024-08-02 08:00:00
PRD50841,213404.84,60,704,2024-08-27 16:00:00
PRD82167,149248.78,54,264,2024-03-27 20:00:00
PRD53203,382496.63,42,653,2024-03-13 09:00:00
PRD75279,341354.18,27,63,2024-07-24 08:00:00
PRD45335,214616.77,61,779,2024-09-26 13:00:00
PRD72428,171897.9,60,500,2024-04-05 21:00:00
PRD94494,134401.69,69,721,2024-05-27 05:00:00
PRD29637,423739.08,39,449,2024-04-12 09:00:00
PRD50601,282925.19,38,182,2024-01-03 06:00:00
PRD13848,302240.43,52,756,2024-05-15 08:00:00
PRD71444,373589.06,23,11,2024-08-03 15:00:00
PRD72942,247958.07,49,515,2024-04-17 10:00:00
PRD91177,50797.53,55,239,2024-02-26 08:00:00
PRD59224,158831.98,71,953,2024-05-12 00:00:00
PRD83000,94226.54,52,29,2024-06-02 22:00:00
PRD50641,538813.77,23,425,2024-10-06 12:00:00
PRD36056,329361.48,39,234,2024-05-13 08:00:00
PRD82515,261884.08,46,295,2024-05-30 08:00:00
PRD19578,243167.74,54,705,2024-06-05 03:00:00
PRD68008,25996.56,59,219,2024-05-01 13:00:00
PRD36488,111078.49,70,928,2024-10-19 02:00:00
PRD37706,455734.79,29,357,2024-02-08 06:00:00
PRD47826,324298.82,54,770,2024-04-15 17:00:00
PRD54095,89201.34,64,400,2024-07-12 06:00:00
PRD14806,39250.79,53,14,2024-10-14 03:00:00
PRD85100,426556.16,24,41,2024-10-14 17:00:00
PRD67008,216951.82,58,683,2024-02-15 20:00:00
PRD38716,390673.0,30,284,2024-08-22 19:00:00
PRD35446,323789.97,49,788,2024-05-27 17:00:00
PRD37147,187423.81,49,172,2024-01-01 10:00:00
PRD54494,461641.63,21,111,2024-02-02 00:00:00
PRD36545,411587.06,22,61,2024-06-09 10:00:00
PRD75216,138822.69,50,285,2024-08-22 21:00:00
PRD18421,49929.42,60,432,2024-09-26 23:00:00
PRD11065,350080.77,60,995,2024-10-05 16:00:00
PRD85083,420964.96,24,192,2024-04-01 15:00:00
PRD63747,450727.85,47,960,2024-09-29 03:00:00
PRD62867,178466.52,68,797,2024-06-29 17:00:00
PRD72184,38054.2,62,468,2024-06-28 20:00:00
PRD53365,355211.6,30,144,2024-02-06 07:00:00
PRD85431,42740.14,74,611,2024-05-16 13:00:00
PRD65836,298154.13,45,526,2024-05-22 11:00:00
PRD32410,21652.82,61,357,2024-05-10 13:00:00
PRD62477,283251.56,48,384,2024-06-08 15:00:00
PRD69316,378012.84,36,207,2024-05-29 06:00:00
PRD23446,233546.53,56,693,2024-08-07 22:00:00
PRD31805,435076.59,28,181,2024-03-22 19:00:00
PRD20694,248576.35,53,726,2024-06-26 12:00:00
PRD72610,102451.49,68,566,2024-06-18 11:00:00
PRD19486,382601.32,46,826,2024-07-25 18:00:00
PRD39076,238253.03,45,189,2024-02-16 22:00:00
PRD90030,112930.75,60,356,2024-03-02 01:00:00
PRD84565,270663.31,56,740,2024-04-07 09:00:00
PRD91867,250822.64,48,489,2024-06-23 05:00:00
PRD64883,229603.57,56,495,2024-08-12 07:00:00
PRD93710,292652.41,64,988,2024-08-09 01:00:00
PRD56837,332910.7,51,733,2024-03-12 09:00:00
PRD73670,117435.08,65,726,2024-07-15 02:00:00
PRD43703,34024.48,70,720,2024-02-20 15:00:00
PRD95148,538869.92,21,265,2024-06-19 15:00:00
PRD41196,322648.06,58,985,2024-05-27 14:00:00
PRD79736,172104.34,51,449,2024-02-01 05:00:00
PRD35784,189592.6,62,868,2024-10-18 12:00:00
PRD57833,91485.02,60,432,2024-06-21 20:00:00
PRD36008,162677.48,51,348,2024-02-15 20:00:00
PRD86143,52400.73,71,809,2024-06-25 17:00:00
PRD69661,312655.81,48,604,2024-03-30 09:00:00
PRD21837,88193.52,69,815,2024-04-08 13:00:00
PRD85877,96444.03,60,323,2024-07-03 19:00:00
PRD12003,419230.62,47,969,2024-10-11 04:00:00
PRD56759,504180.93,29,393,2024-09-30 07:00:00
PRD55811,500218.06,42,816,2024-03-29 11:00:00
PRD12634,97494.33,60,544,2024-02-19 19:00:00
PRD40684,116403.36,44,60,2024-07-25 06:00:00
PRD34551,420077.15,24,151,2024-04-29 23:00:00
PRD22455,298202.27,62,938,2024-03-28 12:00:00
PRD74852,89157.74,61,434,2024-10-23 18:00:00
PRD55418,519130.14,22,324,2024-01-13 03:00:00
PRD88082,107175.52,60,449,2024-08-02 16:00:00
PRD86730,122314.6,76,996,2024-04-14 19:00:00
PRD79622,382510.55,54,827,2024-07-22 10:00:00
PRD80037,430492.65,24,166,2024-06-21 18:00:00
PRD26667,365490.72,45,523,2024-08-09 11:00:00
PRD53262,251407.11,36,14,2024-01-01 07:00:00
PRD47759,356242.68,44,627,2024-01-20 04:00:00
PRD81968,408741.79,38,580,2024-10-03 11:00:00
PRD99701,359580.41,40,382,2024-01-24 01:00:00
PRD37040,101190.65,52,143,2024-06-09 06:00:00
PRD38860,560843.46,9,4,2024-08-11 11:00:00
PRD11286,337977.27,34,206,2024-09-13 23:00:00
PRD83028,213534.38,42,86,2024-07-03 14:00:00
PRD86215,512185.81,42,840,2024-03-14 15:00:00
PRD11222,371506.28,33,298,2024-07-01 10:00:00
PRD21455,149551.96,55,492,2024-05-23 10:00:00
PRD89114,232543.9,65,937,2024-08-25 08:00:00
PRD77266,50497.16,60,412,2024-02-20 01:00:00
PRD82848,163277.09,69,878,2024-05-18 15:00:00
PRD87786,77997.19,52,105,2024-02-15 17:00:00
PRD33673,244607.52,41,40,2024-06-22 19:00:00
PRD53679,319616.8,36,123,2024-05-25 18:00:00
PRD33786,19651.07,68,598,2024-07-07 06:00:00
PRD60345,393290.02,31,131,2024-05-17 05:00:00
PRD80506,510990.89,25,240,2024-03-22 04:00:00
PRD52445,428322.67,34,479,2024-07-21 02:00:00
PRD30924,104693.57,48,65,2024-03-29 12:00:00
PRD36182,565350.9,39,995,2024-07-02 06:00:00
PRD16439,1503.83,64,360,2024-02-06 12:00:00
PRD79984,231097.36,59,652,2024-08-30 17:00:00
PRD68741,324914.99,28,18,2024-04-01 13:00:00
PRD32053,70843.52,66,493,2024-09-14 15:00:00
PRD33050,116041.91,45,57,2024-05-15 16:00:00
PRD81082,49171.52,68,576,2024-10-25 00:00:00
PRD41534,477152.31,44,928,2024-10-21 19:00:00
PRD16575,504629.25,31,597,2024-10-09 18:00:00
PRD97619,121541.08,69,862,2024-09-21 12:00:00
PRD78211,249445.13,62,834,2024-05-17 08:00:00
PRD32293,329247.27,39,448,2024-10-12 17:00:00
PRD35065,235936.66,63,866,2024-02-04 01:00:00
PRD62541,320228.9,47,441,2024-10-25 08:00:00
PRD35601,382202.78,46,760,2024-07-02 21:00:00
PRD84105,55910.03,54,19,2024-01-21 17:00:00
PRD63339,388330.86,39,468,2024-08-16 07:00:00
PRD61085,480542.03,22,130,2024-01-11 22:00:00
PRD18810,478621.15,20,203,2024-03-10 10:00:00
PRD26453,267660.1,48,408,2024-03-12 22:00:00
PRD92257,244747.48,64,975,2024-05-28 03:00:00
PRD25469,244740.03,52,566,2024-04-29 20:00:00
PRD18183,406379.31,28,299,2024-10-21 15:00:00
PRD93301,188495.24,56,580,2024-08-21 22:00:00
PRD31486,288690.68,54,716,2024-05-18 00:00:00
PRD89612,54202.55,68,514,2024-02-28 12:00:00
PRD75041,69860.27,64,482,2024-10-23 04:00:00
PRD74665,290640.77,59,792,2024-08-05 19:00:00
PRD14611,572373.63,16,88,2024-06-25 23:00:00
PRD31609,310725.5,52,720,2024-07-07 04:00:00
PRD91132,279746.66,41,408,2024-10-15 06:00:00
PRD89786,3032.66,71,552,2024-02-08 17:00:00
PRD38432,79890.62,74,896,2024-08-06 04:00:00
PRD97696,78047.56,82,977,2024-07-20 19:00:00
PRD95182,40305.67,72,667,2024-04-12 04:00:00
PRD93503,355626.44,51,934,2024-06-19 05:00:00
PRD76292,218242.68,48,292,2024-06-17 00:00:00
PRD41788,201672.87,59,578,2024-01-27 05:00:00
PRD92775,6434.4,60,79,2024-08-14 14:00:00
PRD32829,360349.94,32,205,2024-09-15 12:00:00
PRD86904,74046.3,77,945,2024-02-07 22:00:00
PRD93717,11428.78,66,517,2024-09-10 14:00:00
PRD95819,192177.95,44,277,2024-03-10 04:00:00
PRD86463,409549.75,32,203,2024-04-26 12:00:00
PRD22955,34119.38,75,668,2024-08-21 16:00:00
PRD96771,200447.64,61,611,2024-08-27 19:00:00
PRD54365,105098.61,68,801,2024-04-01 04:00:00
PRD17500,450087.72,34,446,2024-05-26 06:00:00
PRD18205,252024.91,55,636,2024-01-25 01:00:00
PRD18265,562303.79,22,372,2024-10-04 05:00:00
PRD49904,406085.0,48,912,2024-05-02 14:00:00
PRD38474,30804.86,80,913,2024-07-20 16:00:00
PRD55410,385002.61,23,7,2024-03-29 12:00:00
PRD31125,528247.32,20,310,2024-03-10 22:00:00
PRD94948,266462.47,38,90,2024-01-03 16:00:00
PRD50307,422436.34,35,414,2024-10-17 05:00:00
PRD78537,228305.48,51,322,2024-06-20 23:00:00
PRD80056,430133.02,47,740,2024-07-31 16:00:00
PRD52699,26849.2,67,599,2024-10-09 20:00:00
PRD17386,81529.07,67,702,2024-04-13 06:00:00
PRD34601,245609.35,46,237,2024-04-23 00:00:00
PRD68827,558833.9,14,163,2024-10-25 07:00:00
PRD89599,499818.95,33,445,2024-03-01 19:00:00
PRD16023,328159.52,52,830,2024-08-27 07:00:00
PRD14121,163022.08,67,743,2024-03-13 01:00:00
PRD68160,287182.55,42,261,2024-02-02 02:00:00
PRD15898,388765.47,31,207,2024-06-25 14:00:00
PRD34168,62320.82,68,493,2024-04-20 21:00:00
PRD68238,92072.23,59,438,2024-10-19 01:00:00
PRD66995,152727.88,42,14,2024-07-11 01:00:00
PRD42495,209608.63,46,183,2024-09-24 08:00:00
PRD59898,390872.5,51,888,2024-05-21 07:00:00
PRD22681,113021.41,64,576,2024-09-03 15:00:00
PRD65239,262890.42,56,861,2024-05-23 18:00:00
PRD41368,314622.11,31,112,2024-01-16 16:00:00
PRD87926,133994.45,68,937,2024-10-18 04:00:00
PRD80695,299710.24,34,46,2024-03-13 09:00:00
PRD64584,575337.42,26,529,2024-03-12 19:00:00
PRD17823,213991.21,46,255,2024-02-02 23:00:00
PRD72929,4346.03,75,683,2024-10-23 21:00:00
PRD65451,60141.51,55,75,2024-09-17 16:00:00
PRD85425,475287.68,21,198,2024-09-04 13:00:00
PRD24285,319166.6,39,277,2024-09-29 22:00:00
PRD80129,376911.92,35,236,2024-03-15 01:00:00
PRD79864,198210.14,64,948,2024-06-26 20:00:00
PRD29270,155372.08,70,782,2024-02-13 22:00:00
PRD53632,229638.15,34,40,2024-05-10 19:00:00
PRD84862,134873.53,57,410,2024-06-15 22:00:00
PRD42660,73168.6,72,808,2024-02-22 07:00:00
PRD82763,58354.1,68,625,2024-10-20 16:00:00
PRD64765,506993.9,42,812,2024-01-18 19:00:00
PRD28018,160498.11,69,932,2024-07-14 19:00:00
PRD92530,189856.25,45,255,2024-10-17 18:00:00
PRD86320,376648.65,46,620,2024-05-29 14:00:00
PRD93307,30987.3,66,593,2024-06-13 15:00:00
PRD28415,55157.08,72,653,2024-10-24 17:00:00
PRD21517,207533.62,53,470,2024-09-27 08:00:00
PRD36295,181451.16,53,384,2024-06-11 23:00:00
PRD85851,212804.05,43,206,2024-07-18 18:00:00
PRD69840,269740.92,55,574,2024-08-20 08:00:00
PRD47950,179892.35,52,516,2024-08-24 19:00:00
PRD29155,223680.62,60,785,2024-05-08 03:00:00
PRD70197,309363.71,62,997,2024-01-12 06:00:00
PRD27221,177882.91,70,827,2024-02-10 10:00:00
PRD85795,67306.07,58,346,2024-03-13 05:00:00
PRD93720,247059.24,46,344,2024-04-07 21:00:00
PRD47561,266989.85,63,981,2024-05-27 17:00:00
PRD90750,399860.94,41,522,2024-06-13 09:00:00
PRD41453,483188.55,44,855,2024-07-12 03:00:00
PRD70421,419496.33,47,722,2024-03-29 17:00:00
PRD79606,321985.62,56,826,2024-06-26 11:00:00
PRD60006,139849.2,63,786,2024-06-14 19:00:00
PRD71374,416978.82,44,776,2024-07-09 15:00:00
PRD32949,610953.23,31,646,2024-04-12 02:00:00
PRD28474,555094.4,19,165,2024-10-15 06:00:00
PRD46498,84243.89,70,619,2024-04-09 00:00:00
PRD72788,351156.11,44,638,2024-01-26 07:00:00
PRD86503,152381.79,66,916,2024-03-10 08:00:00
PRD21598,16790.81,68,409,2024-02-29 18:00:00
PRD87900,317683.39,47,620,2024-01-12 22:00:00
PRD88203,161093.64,40,29,2024-06-18 22:00:00
PRD46304,37585.91,70,607,2024-07-03 05:00:00
PRD73823,477483.16,36,653,2024-07-23 20:00:00
PRD97592,192187.75,58,557,2024-10-11 01:00:00
PRD21187,555093.6,13,102,2024-05-05 19:00:00
PRD83433,245888.29,34,70,2024-04-21 11:00:00
PRD37395,428860.73,37,619,2024-09-15 11:00:00
PRD98978,411436.61,36,318,2024-07-17 02:00:00
PRD54019,39055.47,80,940,2024-01-18 00:00:00
PRD34173,344010.19,31,66,2024-06-08 14:00:00
PRD86123,258604.91,54,725,2024-10-11 06:00:00
PRD64462,189913.97,53,318,2024-07-16 19:00:00
PRD46528,186412.35,38,51,2024-02-22 12:00:00
PRD26247,248112.46,63,875,2024-08-01 02:00:00
PRD14456,297909.34,40,342,2024-03-06 17:00:00
PRD43998,418019.33,46,642,2024-09-03 20:00:00
PRD73122,376483.2,41,553,2024-06-07 16:00:00
PRD88348,67172.31,73,702,2024-03-26 22:00:00
PRD23196,185409.4,59,685,2024-05-07 12:00:00
PRD50013,76462.0,69,750,2024-03-22 11:00:00
PRD20730,262127.45,42,330,2024-07-13 09:00:00
PRD50688,246517.64,51,403,2024-02-15 07:00:00
PRD42236,422714.58,39,608,2024-08-03 21:00:00
PRD80799,234991.94,59,853,2024-05-25 00:00:00
PRD15497,237577.37,55,673,2024-04-30 18:00:00
PRD47949,60574.2,56,321,2024-06-17 23:00:00
PRD12378,438087.33,32,401,2024-02-16 03:00:00
PRD37030,25134.96,57,211,2024-09-06 00:00:00
PRD52341,278392.73,43,184,2024-09-17 14:00:00
PRD88059,207016.57,49,379,2024-02-08 22:00:00
PRD69451,245738.54,49,437,2024-06-11 02:00:00
PRD94441,520823.95,21,137,2024-07-15 00:00:00
PRD95282,220581.12,67,974,2024-04-09 05:00:00
PRD61978,286848.42,46,338,2024-06-12 09:00:00
PRD66091,279852.77,61,934,2024-08-24 14:00:00
PRD75071,383249.33,26,139,2024-02-03 00:00:00
PRD94142,116233.33,53,126,2024-07-16 18:00:00
PRD30657,124954.61,69,703,2024-06-04 15:00:00
PRD59107,116804.19,74,855,2024-02-01 12:00:00
PRD56718,60847.04,70,636,2024-01-06 15:00:00
PRD72983,406081.1,56,967,2024-03-30 06:00:00
PRD56262,161770.53,41,14,2024-10-14 19:00:00
PRD47109,101575.67,62,406,2024-03-24 11:00:00
PRD44630,101887.32,68,663,2024-09-21 15:00:00
PRD79926,211775.14,54,473,2024-07-22 16:00:00
PRD71155,56334.0,54,254,2024-03-06 06:00:00
PRD12053,337728.17,56,926,2024-03-04 13:00:00
PRD32920,269538.21,39,125,2024-06-17 09:00:00
PRD43840,248948.74,43,154,2024-05-17 04:00:00
PRD35841,295405.16,36,222,2024-06-16 18:00:00
PRD25743,63077.53,58,281,2024-10-26 06:00:00
PRD26891,244992.01,43,236,2024-08-24 13:00:00
PRD59906,11382.47,77,724,2024-05-09 15:00:00
PRD19940,381069.51,42,615,2024-03-12 05:00:00
PRD59503,327071.54,37,303,2024-04-09 06:00:00
PRD62598,389691.16,32,165,2024-03-12 10:00:00
PRD17983,146856.3,64,783,2024-04-09 18:00:00
PRD36418,437051.34,44,720,2024-06-07 21:00:00
PRD88876,450596.26,34,601,2024-09-15 19:00:00
PRD28645,422753.63,51,890,2024-01-03 22:00:00
PRD97262,70734.89,56,130,2024-02-12 19:00:00
PRD86424,17829.61,62,344,2024-08-31 04:00:00
PRD30705,449094.19,26,279,2024-07-11 13:00:00
PRD49833,425584.8,27,179,2024-01-06 02:00:00
PRD44471,281515.2,34,117,2024-02-08 22:00:00
PRD42995,377032.04,42,477,2024-05-30 04:00:00
PRD90182,103970.28,64,638,2024-02-13 04:00:00
PRD72637,263873.15,36,132,2024-03-18 04:00:00
PRD44665,239164.79,43,155,2024-03-29 08:00:00
PRD83147,344410.49,41,289,2024-03-17 03:00:00
PRD91501,249905.08,46,490,2024-04-27 09:00:00
PRD76089,127292.48,49,132,2024-08-31 09:00:00
PRD97324,309334.23,31,110,2024-01-30 00:00:00
PRD78970,435245.52,32,324,2024-03-25 04:00:00
PRD71445,548961.32,36,777,2024-04-15 21:00:00
PRD45452,279859.85,63,921,2024-04-08 06:00:00
PRD20610,57543.24,69,655,2024-03-23 09:00:00
PRD35319,233674.84,42,312,2024-08-30 00:00:00
PRD95623,325973.69,48,509,2024-04-05 23:00:00
PRD55162,184576.32,48,223,2024-03-24 22:00:00
PRD38536,188962.69,41,143,2024-07-30 01:00:00
PRD59584,50044.99,77,998,2024-05-28 05:00:00
PRD53298,2832.71,71,575,2024-04-12 04:00:00
PRD29578,439844.68,39,610,2024-01-08 20:00:00
PRD48942,173796.46,44,201,2024-01-12 16:00:00
PRD15425,318302.09,36,134,2024-08-21 21:00:00
PRD50545,411126.08,36,398,2024-06-18 02:00:00
PRD64403,42684.34,63,471,2024-10-08 00:00:00
PRD71467,526631.08,29,537,2024-07-24 10:00:00
PRD83726,322804.44,52,599,2024-10-23 19:00:00
PRD20934,146950.82,58,349,2024-04-21 05:00:00
PRD71969,316785.23,53,765,2024-05-01 02:00:00
PRD51965,246097.34,60,883,2024-03-03 18:00:00
PRD36519,30496.48,65,442,2024-05-20 06:00:00
PRD27725,473952.59,39,765,2024-08-02 19:00:00
PRD34583,404390.79,40,593,2024-08-23 08:00:00
PRD98324,118868.74,76,959,2024-02-24 17:00:00
PRD12937,57590.59,66,484,2024-08-25 21:00:00
PRD29542,205262.89,52,536,2024-08-21 13:00:00
PRD88123,243921.02,58,668,2024-03-02 09:00:00
PRD30135,527140.2,41,843,2024-04-14 08:00:00
PRD78116,221771.65,58,623,2024-03-06 21:00:00
PRD31638,123134.01,67,668,2024-08-12 08:00:00
PRD79883,62066.91,60,381,2024-08-07 18:00:00
PRD44495,258807.79,59,852,2024-08-11 20:00:00
PRD25819,99220.88,74,987,2024-01-16 22:00:00
PRD76401,546624.35,40,915,2024-04-18 04:00:00
PRD96843,308336.73,55,907,2024-10-23 12:00:00
PRD10356,90993.4,57,445,2024-06-04 18:00:00
PRD37875,236805.02,56,508,2024-04-03 23:00:00
PRD52305,15462.99,75,633,2024-01-15 02:00:00
PRD61244,200959.6,53,410,2024-05-24 15:00:00
PRD78666,284756.66,51,517,2024-02-28 20:00:00
PRD55792,51365.28,68,639,2024-10-19 02:00:00
PRD72986,122672.3,73,789,2024-01-15 19:00:00
PRD21452,4017.23,80,738,2024-03-18 06:00:00
PRD94589,110967.37,67,642,2024-09-25 23:00:00
PRD96523,137747.39,62,626,2024-08-10 16:00:00
PRD27943,376502.11,48,703,2024-04-13 23:00:00
PRD99995,223344.41,52,342,2024-01-31 16:00:00
PRD12618,30088.16,68,613,2024-02-16 17:00:00
PRD15172,128063.05,67,713,2024-07-06 22:00:00
PRD52202,85745.85,77,892,2024-04-05 01:00:00
PRD14413,207729.7,51,498,2024-05-09 08:00:00
PRD40197,172506.59,61,739,2024-04-04 05:00:00
PRD43862,278095.48,50,425,2024-06-25 16:00:00
PRD10852,458640.19,50,882,2024-04-03 20:00:00
PRD61097,353851.27,39,474,2024-09-03 20:00:00
PRD43404,31683.56,74,819,2024-07-18 14:00:00
PRD93425,26878.36,64,394,2024-09-13 13:00:00
PRD65727,204685.7,56,554,2024-09-17 23:00:00
PRD43133,59501.46,58,359,2024-08-11 04:00:00
PRD66413,221597.87,65,814,2024-08-15 16:00:00
PRD31603,111976.31,50,44,2024-05-19 16:00:00
PRD32432,327501.91,48,492,2024-09-09 04:00:00
PRD75529,371353.98,37,517,2024-04-12 18:00:00
PRD25070,80362.62,57,206,2024-10-21 11:00:00
PRD56805,254151.76,55,532,2024-07-08 04:00:00
PRD19747,123035.86,64,562,2024-03-15 15:00:00
PRD15161,340530.78,53,710,2024-06-04 23:00:00
PRD12699,296679.51,60,916,2024-10-09 04:00:00
PRD55655,254193.11,52,538,2024-01-28 10:00:00
PRD26863,267305.31,32,73,2024-08-02 06:00:00
PRD78171,58206.14,57,124,2024-03-03 23:00:00
PRD56543,82877.65,72,860,2024-02-13 02:00:00
PRD15606,109222.42,67,831,2024-09-22 04:00:00
PRD47917,483838.38,18,146,2024-09-11 21:00:00
PRD70318,243090.77,55,684,2024-05-06 02:00:00
PRD13435,131787.82,53,375,2024-09-22 14:00:00
PRD89104,326251.1,49,729,2024-03-19 00:00:00
PRD77815,200906.71,51,518,2024-04-13 06:00:00
PRD87885,225225.91,50,296,2024-01-16 15:00:00
PRD47440,333965.13,37,348,2024-07-16 20:00:00
PRD75989,312838.9,54,760,2024-02-28 21:00:00
PRD40049,357125.47,30,22,2024-03-15 04:00:00
PRD72832,41961.47,51,34,2024-10-17 05:00:00
PRD75641,62042.5,78,817,2024-05-23 03:00:00
PRD69693,514768.57,37,667,2024-03-07 18:00:00
PRD14938,69925.91,57,289,2024-08-06 11:00:00
PRD43823,486927.31,40,824,2024-04-20 04:00:00
PRD99420,192223.22,55,521,2024-07-02 10:00:00
PRD95498,190316.91,66,898,2024-06-10 17:00:00
PRD73675,442359.79,30,380,2024-10-06 14:00:00
PRD18285,113550.44,51,69,2024-04-27 18:00:00
PRD75966,51967.55,77,950,2024-06-16 15:00:00
PRD32387,23079.79,56,149,2024-10-04 06:00:00
PRD25113,450520.28,22,107,2024-03-14 21:00:00
PRD75602,17652.83,69,678,2024-06-01 20:00:00
PRD85597,84093.84,55,296,2024-01-25 17:00:00
PRD70780,389303.89,38,498,2024-05-13 19:00:00
PRD27432,256191.91,34,82,2024-03-10 13:00:00
PRD76084,330297.32,43,540,2024-02-10 10:00:00
PRD21972,281916.38,38,58,2024-09-14 01:00:00
PRD93462,503695.84,25,454,2024-08-22 21:00:00
PRD77786,72346.21,46,27,2024-03-31 15:00:00
PRD87266,112959.47,54,162,2024-08-30 23:00:00
PRD34335,134483.3,49,294,2024-10-15 18:00:00
PRD37545,240597.92,63,911,2024-05-05 07:00:00
PRD11575,192196.64,51,372,2024-08-15 03:00:00
PRD84851,22558.25,78,717,2024-03-14 13:00:00
PRD39989,456654.99,49,929,2024-07-05 08:00:00
PRD86201,35201.9,54,143,2024-03-31 18:00:00
PRD39338,65356.63,51,67,2024-08-03 08:00:00
PRD75796,222877.61,59,675,2024-07-26 18:00:00
PRD82705,316483.87,28,10,2024-01-08 10:00:00
PRD91194,386497.4,48,848,2024-01-26 23:00:00
PRD47869,274838.01,37,235,2024-07-16 17:00:00
PRD75318,135654.4,70,751,2024-05-16 03:00:00
PRD24640,312355.24,64,990,2024-08-07 06:00:00
PRD29227,297816.64,59,824,2024-06-13 12:00:00
PRD51659,113467.02,64,747,2024-07-19 15:00:00
PRD51706,70135.81,49,145,2024-06-07 10:00:00
PRD27898,363266.22,34,293,2024-04-12 03:00:00
PRD65928,78382.28,48,104,2024-02-20 19:00:00
PRD34857,336112.73,47,541,2024-02-21 03:00:00
PRD91184,289216.53,48,422,2024-10-10 10:00:00
PRD48045,414072.5,31,400,2024-07-20 15:00:00
PRD35895,132402.82,48,80,2024-05-30 18:00:00
PRD99749,413178.91,24,54,2024-06-12 09:00:00
PRD77460,168808.54,42,162,2024-01-23 01:00:00
PRD53607,337762.85,61,993,2024-09-04 19:00:00
PRD40201,424888.61,23,178,2024-01-06 18:00:00
PRD60664,177227.68,54,354,2024-03-01 23:00:00
PRD54051,124415.71,67,829,2024-01-15 03:00:00
PRD15798,399599.53,33,218,2024-02-05 13:00:00
PRD57315,569864.7,31,559,2024-10-18 08:00:00
PRD74307,456457.26,31,403,2024-02-01 09:00:00
PRD61469,225889.73,41,129,2024-06-29 01:00:00
PRD58893,6752.07,86,930,2024-07-06 10:00:00
PRD39214,24545.62,68,558,2024-08-20 08:00:00
PRD55883,218880.1,57,586,2024-04-15 12:00:00
PRD52601,85902.58,76,837,2024-04-08 21:00:00
PRD97669,386084.91,40,439,2024-06-26 04:00:00
PRD98545,46490.08,63,505,2024-04-05 06:00:00
PRD84640,552751.42,19,86,2024-06-27 22:00:00
PRD53575,365816.83,31,249,2024-01-13 09:00:00
PRD85054,625409.33,31,952,2024-05-02 14:00:00
PRD21151,315089.95,43,344,2024-06-21 03:00:00
PRD29270,164507.72,65,825,2024-09-04 15:00:00
PRD70950,278152.22,55,688,2024-05-06 21:00:00
PRD44939,176341.35,46,69,2024-10-24 13:00:00
PRD96846,520524.04,32,539,2024-05-28 12:00:00
PRD32166,442424.99,47,779,2024-03-23 11:00:00
PRD71898,541387.28,21,320,2024-05-26 19:00:00
PRD90404,573838.16,18,238,2024-08-31 14:00:00
PRD13531,119441.22,72,941,2024-01-15 20:00:00
PRD69616,100562.3,63,461,2024-08-18 20:00:00
PRD91433,196997.1,62,693,2024-09-08 07:00:00
PRD82523,291827.9,55,808,2024-06-28 17:00:00
PRD74420,136619.28,55,418,2024-08-08 20:00:00
PRD85095,304403.67,37,172,2024-03-15 23:00:00
PRD22737,26503.88,68,453,2024-09-01 23:00:00
PRD33233,343104.19,55,844,2024-07-22 18:00:00
PRD71764,341877.37,59,900,2024-09-13 20:00:00
PRD87111,263379.35,44,463,2024-04-24 08:00:00
PRD79652,545190.15,28,589,2024-08-08 00:00:00
PRD75348,44186.19,62,345,2024-07-16 23:00:00
PRD80652,332175.7,46,556,2024-10-02 08:00:00
PRD87359,251415.64,62,882,2024-07-08 03:00:00
PRD33829,480230.25,40,647,2024-09-20 04:00:00
PRD41519,534563.3,37,652,2024-04-01 04:00:00
PRD88990,4012.27,65,474,2024-07-03 16:00:00
PRD81089,114389.3,57,330,2024-04-08 16:00:00
PRD68088,387208.57,41,677,2024-06-22 08:00:00
PRD22371,384310.27,52,919,2024-09-16 20:00:00
PRD58878,272991.28,45,275,2024-08-13 14:00:00
PRD34547,224110.05,59,824,2024-09-30 03:00:00
PRD61100,262020.28,66,1000,2024-10-10 01:00:00
PRD78469,522563.95,25,348,2024-06-12 03:00:00
PRD30583,23513.38,69,444,2024-09-01 15:00:00
PRD97050,12613.71,79,924,2024-07-19 14:00:00
PRD33547,127585.36,49,196,2024-10-20 19:00:00
PRD16637,147905.46,52,281,2024-03-15 00:00:00
PRD33317,388561.11,23,57,2024-07-25 09:00:00
PRD79387,451305.0,49,944,2024-06-24 00:00:00
PRD69464,245498.25,42,108,2024-10-20 23:00:00
PRD30861,237976.02,41,155,2024-02-29 15:00:00
PRD63789,397271.4,55,990,2024-03-02 11:00:00
PRD32418,293290.52,35,69,2024-01-07 01:00:00
PRD94432,532919.48,20,295,2024-03-02 05:00:00
PRD57067,238743.88,50,428,2024-02-14 13:00:00
PRD66460,457599.47,31,532,2024-03-31 05:00:00
PRD23969,275416.87,51,564,2024-06-22 02:00:00
PRD98992,257804.36,34,58,2024-03-08 08:00:00
PRD57378,488074.87,30,401,2024-08-27 10:00:00
PRD23653,432310.55,30,217,2024-03-15 11:00:00
PRD66712,209525.67,46,380,2024-10-15 06:00:00
PRD13107,573350.67,25,592,2024-05-18 11:00:00
PRD54838,431844.03,36,631,2024-08-23 11:00:00
PRD25874,129641.82,51,228,2024-01-15 20:00:00
PRD66681,171233.94,47,74,2024-08-05 17:00:00
PRD54338,65465.87,73,768,2024-02-07 04:00:00
PRD25890,442063.59,33,515,2024-06-07 17:00:00
PRD16750,112106.75,61,557,2024-03-02 12:00:00
PRD53297,262832.43,63,810,2024-05-03 10:00:00
PRD17801,204788.58,62,660,2024-01-08 20:00:00
PRD63873,461109.59,45,933,2024-02-20 12:00:00
PRD56443,297069.25,44,562,2024-02-04 22:00:00
PRD64152,401225.51,48,691,2024-05-12 07:00:00
PRD65825,63998.24,60,238,2024-09-05 19:00:00
PRD57875,169683.95,56,407,2024-05-29 16:00:00
PRD11319,317172.94,55,935,2024-07-22 07:00:00
PRD98783,63437.16,57,119,2024-09-18 22:00:00
PRD43966,115130.66,70,881,2024-09-15 09:00:00
PRD51239,293865.88,36,277,2024-02-29 23:00:00
PRD75406,520955.63,45,883,2024-08-09 11:00:00
PRD91286,419919.85,42,640,2024-02-04 15:00:00
PRD66652,360552.3,54,974,2024-04-26 08:00:00
PRD87860,70112.32,66,589,2024-08-30 06:00:00
PRD36037,382724.39,53,879,2024-04-08 05:00:00
PRD61412,469996.49,25,277,2024-07-24 06:00:00
PRD34629,366303.1,33,86,2024-06-24 22:00:00
PRD32639,427058.7,35,296,2024-03-22 07:00:00
PRD54005,239599.54,39,207,2024-02-01 14:00:00
PRD51553,459935.56,19,68,2024-09-12 16:00:00
PRD46103,361411.16,45,566,2024-09-24 23:00:00
PRD89916,139561.1,59,657,2024-05-21 14:00:00
PRD52823,93680.31,66,637,2024-07-25 23:00:00
PRD15709,393831.9,46,651,2024-02-08 23:00:00
PRD34048,442361.59,43,853,2024-01-20 09:00:00
PRD73946,79821.7,67,515,2024-10-04 01:00:00
PRD66914,307163.04,58,910,2024-06-26 12:00:00
PRD50896,192108.59,51,434,2024-04-19 07:00:00
PRD92177,46323.84,56,62,2024-07-01 01:00:00
PRD56208,223349.2,50,419,2024-01-17 10:00:00
PRD38461,157680.73,48,335,2024-06-02 01:00:00
PRD34840,361992.35,32,323,2024-04-15 22:00:00
PRD86207,41433.77,65,585,2024-10-19 17:00:00
PRD29214,400255.75,24,82,2024-09-28 03:00:00
PRD18076,124948.65,71,816,2024-06-27 11:00:00
PRD18475,446206.96,27,195,2024-05-09 01:00:00
PRD94683,102829.55,49,128,2024-02-21 21:00:00
PRD47410,294908.48,57,742,2024-02-25 11:00:00
PRD80219,80073.84,66,644,2024-10-10 22:00:00
PRD30465,32759.84,65,432,2024-08-11 07:00:00
PRD25679,126901.02,62,546,2024-08-30 07:00:00
PRD72460,273021.8,46,283,2024-03-01 20:00:00
PRD23674,166634.7,47,265,2024-01-23 15:00:00
PRD68369,221256.79,47,271,2024-02-05 13:00:00
PRD57065,470452.3,40,859,2024-08-17 17:00:00
PRD35972,334595.31,44,513,2024-06-30 23:00:00
PRD53011,274849.78,41,350,2024-05-17 12:00:00
PRD98629,334218.27,37,362,2024-02-13 18:00:00
PRD60097,72526.75,53,198,2024-04-08 17:00:00
PRD25299,304879.48,58,772,2024-05-16 00:00:00
PRD87436,44945.69,54,197,2024-05-04 23:00:00
PRD37118,470616.2,35,659,2024-06-05 20:00:00
PRD74656,523790.26,48,996,2024-01-31 11:00:00
PRD57251,15632.36,55,166,2024-06-18 22:00:00
PRD35822,386730.35,50,920,2024-02-03 10:00:00
PRD75367,290614.26,31,20,2024-08-06 08:00:00
PRD89445,227941.93,62,849,2024-07-16 00:00:00
PRD64284,97966.26,75,897,2024-04-01 17:00:00
PRD18104,536953.09,23,317,2024-04-15 17:00:00
PRD58894,410923.59,46,737,2024-09-29 23:00:00
PRD37913,278564.71,48,386,2024-09-04 04:00:00
PRD59946,105279.23,55,328,2024-09-28 08:00:00
PRD48978,401330.9,38,403,2024-02-03 14:00:00
PRD87125,119600.15,78,971,2024-10-05 17:00:00
PRD23576,273804.65,58,901,2024-05-25 07:00:00
PRD98838,267374.96,36,180,2024-01-16 07:00:00
PRD30729,509229.63,21,67,2024-08-16 10:00:00
PRD76351,158256.39,44,26,2024-06-21 03:00:00
PRD31369,331210.53,45,681,2024-09-01 15:00:00
PRD72340,369591.35,39,431,2024-05-14 02:00:00
PRD54638,429998.81,49,830,2024-10-03 09:00:00
PRD29631,98909.97,72,890,2024-08-10 18:00:00
PRD53165,329751.96,51,849,2024-03-19 22:00:00
PRD79366,347928.94,42,625,2024-01-30 16:00:00
PRD76766,16999.41,83,974,2024-01-30 17:00:00
PRD53173,159155.23,72,846,2024-03-02 21:00:00
PRD59552,209441.59,56,646,2024-05-20 17:00:00
PRD31622,55102.54,57,359,2024-02-05 08:00:00
PRD63065,116871.67,62,684,2024-05-18 11:00:00
PRD35574,246881.93,45,211,2024-09-19 20:00:00
PRD64483,146843.8,64,822,2024-09-03 10:00:00
PRD63331,503371.16,21,294,2024-05-13 15:00:00
PRD78920,153831.1,73,936,2024-01-31 06:00:00
PRD47855,568347.95,40,854,2024-02-17 02:00:00
PRD89495,50837.01,82,956,2024-04-10 22:00:00
PRD18457,252220.83,41,173,2024-04-27 21:00:00
PRD61627,69378.37,79,904,2024-07-15 16:00:00
PRD10496,119950.58,57,244,2024-03-20 21:00:00
PRD43498,21089.85,66,393,2024-09-01 20:00:00
PRD66206,456269.95,37,448,2024-01-23 23:00:00
PRD36283,430402.96,47,939,2024-04-16 16:00:00
PRD89614,559192.58,20,163,2024-04-21 15:00:00
PRD54664,114061.27,56,239,2024-10-01 13:00:00
PRD39639,312724.07,47,665,2024-01-17 02:00:00
PRD68853,311462.78,47,643,2024-05-01 20:00:00
PRD63199,396306.73,37,345,2024-08-07 01:00:00
PRD94321,170856.4,64,772,2024-03-08 14:00:00
PRD37786,589308.77,21,492,2024-02-20 06:00:00
PRD19945,301525.95,56,782,2024-10-13 00:00:00
PRD63577,502948.41,42,798,2024-02-06 11:00:00
PRD99154,119206.99,47,148,2024-03-02 23:00:00
PRD73592,318621.27,40,236,2024-03-31 03:00:00
PRD25331,311283.56,35,129,2024-04-01 14:00:00
PRD11838,236070.18,41,136,2024-04-09 10:00:00
PRD23228,215343.83,64,868,2024-03-25 13:00:00
PRD16002,29059.99,79,993,2024-05-23 06:00:00
PRD35101,150029.31,51,188,2024-07-17 03:00:00
PRD74522,43396.02,80,988,2024-08-08 03:00:00
PRD66185,9381.56,61,170,2024-01-15 13:00:00
PRD82083,159835.19,70,800,2024-08-16 22:00:00
PRD72621,165875.1,69,957,2024-02-25 04:00:00
PRD66204,276220.12,56,850,2024-02-29 05:00:00
PRD99743,425897.99,46,802,2024-04-05 02:00:00
PRD81164,124543.18,54,335,2024-09-02 06:00:00
PRD25742,329895.66,43,395,2024-02-15 01:00:00
PRD60391,167230.37,50,193,2024-07-15 23:00:00
PRD45495,572117.34,24,479,2024-02-23 22:00:00
PRD11842,464542.96,19,139,2024-04-16 23:00:00
PRD69068,468011.97,33,456,2024-03-24 00:00:00
PRD99373,349669.62,30,53,2024-08-24 18:00:00
PRD94453,324575.32,29,125,2024-09-30 04:00:00
PRD14480,249644.83,61,793,2024-05-04 01:00:00
PRD46862,514394.09,41,829,2024-07-08 02:00:00
PRD55157,288837.87,62,906,2024-05-15 09:00:00
PRD26432,18256.95,61,279,2024-07-28 18:00:00
PRD87799,262141.98,42,362,2024-08-23 02:00:00
PRD16600,330963.47,52,897,2024-01-20 05:00:00
PRD53770,338123.6,34,226,2024-08-10 05:00:00
PRD48021,375780.26,49,767,2024-06-06 11:00:00
PRD32317,208213.39,59,549,2024-02-20 21:00:00
PRD75948,268303.27,48,529,2024-10-18 05:00:00
PRD48608,452859.49,24,182,2024-04-02 23:00:00
PRD54395,310378.65,46,507,2024-03-08 13:00:00
PRD46077,358212.5,30,119,2024-03-03 13:00:00
PRD12430,216924.32,52,383,2024-08-10 02:00:00
PRD21986,4465.96,77,847,2024-06-06 15:00:00
PRD30834,302089.25,34,1,2024-01-24 21:00:00
PRD75716,134665.34,48,157,2024-08-04 17:00:00
PRD97487,304356.26,59,820,2024-02-11 08:00:00
PRD24393,125680.13,52,250,2024-07-11 11:00:00
PRD86784,337486.08,37,422,2024-09-09 03:00:00
PRD44779,214886.5,55,689,2024-04-25 13:00:00
PRD28851,271251.72,54,686,2024-03-10 17:00:00
PRD65064,141402.75,64,618,2024-10-23 09:00:00
PRD39781,58682.81,53,206,2024-10-19 04:00:00
PRD11411,167068.79,66,777,2024-03-08 04:00:00
PRD45553,64949.3,74,961,2024-02-09 00:00:00
PRD53147,105117.89,74,932,2024-08-03 05:00:00
PRD19229,157172.94,63,608,2024-10-24 20:00:00
PRD86174,94503.52,58,487,2024-05-20 14:00:00
PRD70404,114919.38,71,952,2024-04-16 16:00:00
PRD84207,211894.37,60,753,2024-02-25 13:00:00
PRD92145,251621.37,37,55,2024-07-03 12:00:00
PRD64968,345909.12,44,544,2024-04-13 02:00:00
PRD58459,73074.27,73,797,2024-03-20 14:00:00
PRD89364,569720.55,36,957,2024-10-21 04:00:00
PRD74182,73475.98,73,819,2024-03-07 18:00:00
PRD63316,562931.35,45,997,2024-05-26 16:00:00
PRD86090,43416.54,62,214,2024-02-02 16:00:00
PRD26140,193921.64,68,890,2024-04-01 00:00:00
PRD86804,186673.48,55,620,2024-09-17 11:00:00
PRD10183,63088.99,67,681,2024-05-15 16:00:00
PRD45520,20958.48,66,508,2024-05-09 04:00:00
PRD20191,351267.0,27,48,2024-03-28 08:00:00
PRD62903,188173.31,45,251,2024-04-25 10:00:00
PRD88116,260980.98,53,670,2024-09-08 02:00:00
PRD27787,230171.16,44,299,2024-07-14 20:00:00
PRD50322,435363.23,25,214,2024-08-20 14:00:00
PRD17306,456399.3,40,539,2024-07-22 20:00:00
PRD27691,300094.48,38,276,2024-10-01 15:00:00
PRD48595,94393.51,81,982,2024-07-12 06:00:00
PRD66746,107604.97,66,557,2024-08-17 21:00:00
PRD18881,158637.79,45,100,2024-08-06 09:00:00
PRD93296,254346.77,45,319,2024-01-11 17:00:00
PRD13849,125909.71,50,172,2024-03-03 01:00:00
PRD47500,259860.06,48,585,2024-05-25 15:00:00
PRD34512,499551.03,20,184,2024-06-27 08:00:00
PRD79101,393315.92,53,970,2024-02-05 10:00:00
PRD36752,327492.85,36,367,2024-08-27 02:00:00
PRD63656,33364.15,70,558,2024-02-07 17:00:00
PRD15896,184582.62,63,706,2024-09-21 22:00:00
PRD13626,45440.81,54,7,2024-07-06 23:00:00
PRD51739,72788.44,61,526,2024-06-23 14:00:00
PRD39069,310547.34,39,279,2024-05-03 16:00:00
PRD26660,239770.37,65,990,2024-01-28 16:00:00
PRD80555,259718.77,55,763,2024-05-25 23:00:00
PRD47603,352050.45,49,852,2024-01-26 15:00:00
PRD43814,96425.16,66,657,2024-09-15 10:00:00
PRD17274,89449.78,58,413,2024-04-09 01:00:00
PRD84946,237910.5,68,957,2024-01-22 14:00:00
PRD47511,208196.5,56,653,2024-04-23 17:00:00
PRD40403,50971.4,51,0,2024-10-06 03:00:00
PRD87212,14992.07,66,523,2024-04-11 18:00:00
PRD54377,118741.38,55,354,2024-08-12 01:00:00
PRD96610,569928.47,37,892,2024-01-11 02:00:00
PRD78122,197781.22,42,93,2024-10-11 00:00:00
PRD10361,257117.14,52,577,2024-02-25 16:00:00
PRD27784,538588.27,19,264,2024-01-10 13:00:00
PRD80956,202919.13,37,25,2024-08-22 16:00:00
PRD67134,259379.41,43,320,2024-05-10 23:00:00
PRD36868,471322.17,18,27,2024-09-21 06:00:00
PRD89201,21399.45,63,200,2024-01-14 17:00:00
PRD99884,473974.78,31,327,2024-03-22 14:00:00
PRD89809,188313.12,63,821,2024-10-11 20:00:00
PRD86088,378362.02,52,778,2024-05-30 05:00:00
PRD54708,124988.76,69,684,2024-05-14 16:00:00
PRD60946,401631.66,42,763,2024-03-25 02:00:00
PRD74914,348176.11,52,828,2024-10-18 18:00:00
PRD49041,394102.05,45,795,2024-03-27 15:00:00
PRD69278,459271.0,36,547,2024-08-06 18:00:00
PRD69810,277748.93,49,476,2024-08-13 10:00:00
PRD47603,276530.54,51,669,2024-03-31 18:00:00
PRD90798,113075.21,51,155,2024-10-27 04:00:00
PRD21124,212843.72,66,959,2024-02-27 22:00:00
PRD37303,276236.03,34,50,2024-05-22 18:00:00
PRD32572,175271.55,65,929,2024-02-26 03:00:00
PRD74184,145563.89,49,126,2024-07-05 05:00:00
PRD87648,58144.24,69,739,2024-01-22 18:00:00
PRD47324,367767.71,32,61,2024-07-03 23:00:00
PRD55910,356887.48,59,943,2024-10-26 11:00:00
PRD15713,193217.89,42,183,2024-06-02 08:00:00
PRD92407,431689.35,35,364,2024-01-08 01:00:00
PRD28111,211506.17,45,267,2024-04-13 19:00:00
PRD31902,249530.46,43,166,2024-05-03 02:00:00
PRD35585,154968.77,60,661,2024-03-06 18:00:00
PRD92481,421999.61,47,975,2024-02-01 21:00:00
PRD65999,265489.81,42,323,2024-01-03 12:00:00
PRD14564,52629.68,71,817,2024-03-25 18:00:00
PRD36120,361267.13,47,797,2024-05-18 00:00:00
PRD19346,189163.11,63,722,2024-01-02 14:00:00
PRD80775,407878.76,45,822,2024-04-13 09:00:00
PRD76169,80690.27,74,891,2024-03-28 18:00:00
PRD95809,394282.57,27,111,2024-03-13 20:00:00
PRD57600,39375.53,72,787,2024-05-04 15:00:00
PRD59328,455120.5,33,328,2024-01-24 20:00:00
PRD79811,269532.58,41,219,2024-03-28 12:00:00
PRD83720,466312.38,45,738,2024-03-01 10:00:00
PRD17662,180334.3,71,888,2024-01-14 05:00:00
PRD28660,232809.65,43,106,2024-07-19 00:00:00
PRD65304,227333.91,40,45,2024-05-15 09:00:00
PRD13992,333043.79,35,302,2024-07-11 23:00:00
PRD97080,415162.47,47,880,2024-07-11 19:00:00
PRD43703,153706.36,56,488,2024-06-19 17:00:00
PRD60372,172688.84,62,834,2024-02-25 04:00:00
PRD27028,418364.18,25,167,2024-09-11 17:00:00
PRD84194,79849.13,54,144,2024-06-04 11:00:00
PRD61961,292279.73,47,365,2024-02-27 14:00:00
PRD98281,21011.96,65,463,2024-08-05 08:00:00
PRD19401,110166.73,57,255,2024-06-01 22:00:00
PRD22881,210797.54,46,175,2024-09-24 02:00:00
PRD48671,304966.11,43,521,2024-04-02 18:00:00
PRD45236,399053.28,44,635,2024-04-29 21:00:00
PRD22050,149302.58,41,10,2024-07-02 17:00:00
PRD96798,387851.25,51,945,2024-08-28 04:00:00
PRD21844,220160.07,63,775,2024-07-06 17:00:00
PRD44326,461473.76,31,382,2024-06-25 15:00:00
PRD82944,445774.17,24,273,2024-06-03 23:00:00
PRD49496,228063.41,34,9,2024-02-08 05:00:00
PRD49801,63602.71,63,572,2024-07-18 23:00:00
PRD24869,75574.8,59,349,2024-04-19 15:00:00
PRD88626,254427.32,64,903,2024-03-20 00:00:00
PRD54546,6254.2,73,582,2024-04-12 12:00:00
PRD98706,256198.93,56,816,2024-03-18 02:00:00
PRD70545,223987.95,48,280,2024-10-03 05:00:00
PRD80364,115771.78,72,899,2024-07-25 18:00:00
PRD74970,535615.87,32,691,2024-08-24 14:00:00
PRD39405,47803.36,78,867,2024-09-10 06:00:00
PRD36651,73813.15,70,689,2024-01-02 14:00:00
PRD50143,279756.53,38,179,2024-10-07 07:00:00
PRD36791,151355.32,74,960,2024-09-04 17:00:00
PRD64569,200846.38,38,57,2024-09-12 15:00:00
PRD11858,56381.99,72,852,2024-06-06 01:00:00
PRD77792,472987.23,23,294,2024-05-08 21:00:00
PRD47288,3926.9,77,722,2024-08-02 17:00:00
PRD35157,174515.41,65,862,2024-05-17 20:00:00
PRD70279,452329.24,40,712,2024-10-02 14:00:00
PRD93011,151497.93,59,598,2024-08-17 00:00:00
PRD88314,208207.32,44,139,2024-08-25 14:00:00
PRD86959,183296.0,63,653,2024-03-26 01:00:00
PRD98258,427235.28,29,233,2024-03-09 08:00:00
PRD75179,345671.17,46,577,2024-02-22 11:00:00
PRD47601,159920.73,62,529,2024-04-02 18:00:00
PRD93157,291571.8,53,721,2024-01-19 23:00:00
PRD24659,390346.54,30,67,2024-10-11 18:00:00
PRD38039,85449.03,60,413,2024-02-02 02:00:00
PRD79895,191983.66,46,71,2024-01-30 11:00:00
PRD39187,276389.67,40,347,2024-01-05 07:00:00
PRD16456,535093.56,16,192,2024-08-07 03:00:00
PRD25319,156287.78,70,921,2024-07-19 15:00:00
PRD21729,351183.33,54,775,2024-03-28 21:00:00
PRD65897,295123.01,42,456,2024-06-10 12:00:00
PRD98788,365640.42,40,598,2024-03-25 06:00:00
PRD29717,311095.74,61,923,2024-07-26 16:00:00
PRD92885,275759.3,33,68,2024-06-01 03:00:00
PRD53314,579754.68,15,194,2024-02-07 15:00:00
PRD96220,504346.58,46,945,2024-03-22 20:00:00
PRD14308,464036.4,30,281,2024-04-25 08:00:00
PRD83747,63260.28,73,659,2024-02-23 09:00:00
PRD70461,341385.39,46,546,2024-02-04 12:00:00
PRD22088,443840.56,27,109,2024-04-07 17:00:00
PRD13158,138501.71,69,885,2024-06-13 22:00:00
PRD65967,199199.21,59,778,2024-04-12 05:00:00
PRD51577,522739.0,46,942,2024-03-24 20:00:00
PRD94757,314605.53,36,191,2024-06-19 20:00:00
PRD77043,551395.43,14,52,2024-01-28 11:00:00
PRD28154,19363.12,63,398,2024-07-29 19:00:00
PRD57179,15564.51,83,983,2024-02-19 11:00:00
PRD67240,210603.53,42,194,2024-01-16 18:00:00
PRD32676,449894.07,48,809,2024-10-14 14:00:00
PRD33593,250101.96,36,50,2024-09-26 22:00:00
PRD99705,181950.24,50,424,2024-06-10 06:00:00
PRD63635,977.78,82,927,2024-05-25 09:00:00
PRD16105,144735.2,67,725,2024-09-26 14:00:00
PRD49286,379459.79,45,740,2024-09-13 18:00:00
PRD14186,269162.91,48,325,2024-04-14 19:00:00
PRD76247,389063.83,39,424,2024-08-23 17:00:00
PRD41659,311086.42,49,519,2024-08-26 02:00:00
PRD30698,149082.45,71,987,2024-07-09 20:00:00
PRD43545,304314.53,36,78,2024-07-17 06:00:00
PRD41054,342875.59,31,107,2024-07-26 03:00:00
PRD90580,28126.75,68,571,2024-10-27 16:00:00
PRD71034,123261.52,52,161,2024-08-10 15:00:00
PRD53457,508937.35,31,456,2024-07-11 09:00:00
PRD90541,382557.24,45,808,2024-08-28 15:00:00
PRD75392,341452.2,38,297,2024-02-23 06:00:00
PRD47722,364507.2,52,944,2024-08-26 04:00:00
PRD54725,18056.43,61,266,2024-10-09 18:00:00
PRD72578,131981.71,47,94,2024-03-16 18:00:00
PRD50668,321168.12,41,262,2024-09-08 15:00:00
PRD72533,26867.63,66,567,2024-04-30 15:00:00
PRD48545,402817.43,51,820,2024-06-15 16:00:00
PRD17206,134973.28,61,660,2024-10-21 02:00:00
PRD79043,115323.14,50,288,2024-04-12 10:00:00
PRD84186,367427.52,27,13,2024-04-22 06:00:00
PRD78193,36326.98,61,429,2024-02-19 22:00:00
PRD89300,248425.1,59,837,2024-02-24 21:00:00
PRD62568,108589.74,61,369,2024-09-28 07:00:00
PRD86304,361029.84,39,503,2024-05-18 19:00:00
PRD13851,323515.68,41,339,2024-07-12 07:00:00
PRD93695,207780.07,51,327,2024-04-15 07:00:00
PRD53290,343978.33,52,895,2024-06-01 02:00:00
PRD18880,67129.48,66,688,2024-09-09 17:00:00
PRD20434,514913.8,38,677,2024-10-06 04:00:00
PRD59564,522025.54,15,87,2024-06-08 09:00:00
PRD87240,263625.81,40,274,2024-10-19 08:00:00
PRD53854,203300.54,54,360,2024-01-14 05:00:00
PRD85613,451746.07,21,171,2024-06-20 20:00:00
PRD55483,32948.62,54,160,2024-04-01 00:00:00
PRD76100,131655.16,64,752,2024-09-25 00:00:00
PRD31072,184743.48,40,48,2024-01-26 23:00:00
PRD48135,389365.5,41,540,2024-01-14 18:00:00
PRD37148,565156.63,27,605,2024-03-28 04:00:00
PRD49382,33958.24,83,935,2024-09-27 21:00:00
PRD13887,543949.06,17,182,2024-07-30 00:00:00
PRD81878,51989.27,79,818,2024-07-18 13:00:00
PRD21896,239655.46,50,579,2024-07-16 05:00:00
PRD32163,139934.47,60,678,2024-05-03 02:00:00
PRD61385,252549.05,47,383,2024-06-04 21:00:00
PRD55069,338862.31,32,65,2024-06-10 19:00:00
PRD50659,116158.8,54,140,2024-04-16 21:00:00
PRD62264,351034.42,53,958,2024-04-06 02:00:00
PRD45825,245834.04,46,376,2024-09-07 20:00:00
PRD50489,388009.97,50,854,2024-05-06 08:00:00
PRD36803,326897.78,48,767,2024-06-26 20:00:00
PRD84317,437910.54,24,40,2024-06-06 19:00:00
PRD73014,110075.0,55,277,2024-03-20 03:00:00
PRD97168,150261.82,69,954,2024-01-02 21:00:00
PRD49529,15367.47,74,635,2024-04-02 11:00:00
PRD37777,28052.26,77,850,2024-08-23 07:00:00
PRD86129,368795.25,46,646,2024-09-02 14:00:00
PRD28185,403768.66,57,979,2024-06-16 23:00:00
PRD79544,585162.53,32,637,2024-09-20 11:00:00
PRD18039,321386.23,39,329,2024-03-17 10:00:00
PRD87186,282817.1,43,446,2024-04-30 08:00:00
PRD61265,308868.8,48,469,2024-07-11 11:00:00
PRD10097,224710.91,63,897,2024-04-28 19:00:00
PRD80062,222243.64,57,579,2024-02-10 20:00:00
PRD57159,153194.9,47,256,2024-09-25 19:00:00
PRD50763,504035.15,23,171,2024-03-24 20:00:00
PRD41070,423932.72,38,425,2024-10-07 17:00:00
PRD29179,221435.34,54,440,2024-06-04 20:00:00
PRD46369,108071.83,58,443,2024-03-19 02:00:00
PRD38013,115616.06,65,724,2024-06-05 00:00:00
PRD22400,302604.64,44,543,2024-01-16 15:00:00
PRD15001,374722.4,41,515,2024-05-27 20:00:00
PRD46935,409278.21,36,578,2024-07-19 10:00:00
PRD34760,426795.9,47,817,2024-05-06 13:00:00
PRD15633,219206.61,39,70,2024-09-21 11:00:00
PRD33615,383663.85,29,279,2024-10-26 11:00:00
PRD97795,7378.06,56,114,2024-03-20 22:00:00
PRD77900,323552.61,57,896,2024-02-14 01:00:00
PRD12327,237776.86,61,957,2024-03-02 22:00:00
PRD13698,523803.51,35,720,2024-07-10 02:00:00
PRD58824,79486.84,59,217,2024-06-23 05:00:00
PRD85530,464576.03,33,530,2024-07-21 15:00:00
PRD66121,233549.15,61,965,2024-02-02 15:00:00
PRD52771,135905.86,54,255,2024-01-11 17:00:00
PRD49331,94544.96,67,807,2024-01-26 20:00:00
PRD32843,10969.91,81,995,2024-07-19 02:00:00
PRD24362,230124.0,40,85,2024-03-03 09:00:00
PRD63400,319646.73,38,229,2024-01-11 11:00:00
PRD37533,477298.56,21,4,2024-03-23 19:00:00
PRD63614,356682.54,37,402,2024-10-16 08:00:00
PRD84415,170785.76,53,423,2024-05-10 19:00:00
PRD21701,390614.22,46,651,2024-02-16 01:00:00
PRD53731,254359.41,46,409,2024-09-22 18:00:00
PRD15227,394280.42,52,985,2024-08-08 08:00:00
PRD66170,349321.81,44,539,2024-08-25 14:00:00
PRD12666,243340.43,40,150,2024-04-08 09:00:00
PRD79793,105764.79,52,308,2024-10-10 03:00:00
PRD83471,470961.74,40,628,2024-10-03 10:00:00
PRD61342,112460.4,56,294,2024-04-24 19:00:00
PRD91595,422796.87,24,38,2024-01-19 03:00:00
PRD81418,514535.71,29,440,2024-01-22 20:00:00
PRD60921,163483.97,45,71,2024-03-20 23:00:00
PRD81795,327053.66,45,430,2024-04-06 06:00:00
PRD56812,153991.01,56,468,2024-02-18 13:00:00
PRD17044,129331.68,66,824,2024-04-15 13:00:00
PRD86699,27859.29,66,545,2024-04-28 13:00:00
PRD47134,582095.81,13,191,2024-01-31 08:00:00
PRD98682,240637.08,51,390,2024-04-20 15:00:00
PRD70154,91147.1,56,166,2024-02-29 08:00:00
PRD53168,416645.94,35,296,2024-07-02 01:00:00
PRD74978,293972.09,43,387,2024-01-24 01:00:00
PRD48484,222293.31,48,237,2024-09-27 04:00:00
PRD49594,321512.01,52,712,2024-01-10 02:00:00
PRD88677,406704.36,35,299,2024-04-01 15:00:00
PRD12070,408304.22,49,875,2024-10-16 23:00:00
PRD40496,437090.09,36,572,2024-09-30 14:00:00
PRD45371,377122.5,32,172,2024-02-18 06:00:00
PRD75200,202263.95,57,700,2024-06-26 05:00:00
PRD69991,313970.77,51,582,2024-06-28 03:00:00
PRD37608,77064.47,69,589,2024-02-22 14:00:00
PRD91689,480581.22,22,85,2024-04-07 20:00:00
PRD72307,457200.33,48,972,2024-03-09 05:00:00
PRD85410,79298.93,72,650,2024-08-22 12:00:00
PRD58692,193103.51,45,95,2024-01-11 11:00:00
PRD65821,348686.62,40,312,2024-09-16 05:00:00
PRD16477,274269.52,42,393,2024-01-06 08:00:00
PRD40480,284610.81,60,840,2024-04-02 10:00:00
PRD64373,440729.36,33,496,2024-10-13 21:00:00
PRD55093,108831.13,74,962,2024-02-13 19:00:00
PRD21535,244649.77,36,131,2024-05-22 21:00:00
PRD20367,260225.98,49,342,2024-03-26 17:00:00
PRD45896,370227.91,29,29,2024-02-21 19:00:00
PRD11608,338246.69,43,592,2024-02-23 17:00:00
PRD65087,420704.25,41,636,2024-09-28 19:00:00
PRD48907,302122.09,40,334,2024-09-26 04:00:00
PRD58117,183763.55,57,421,2024-05-03 03:00:00
PRD82320,98656.29,77,906,2024-10-26 22:00:00
PRD10108,26324.7,74,705,2024-08-11 08:00:00
PRD17947,196965.3,69,886,2024-05-04 07:00:00
PRD55130,341177.43,38,397,2024-02-06 04:00:00
PRD71507,512534.15,13,69,2024-05-28 15:00:00
PRD85202,362220.4,49,686,2024-01-24 10:00:00
PRD22749,212193.56,63,685,2024-06-23 17:00:00
PRD17893,200468.62,57,641,2024-08-23 00:00:00
PRD67232,442145.84,48,961,2024-07-27 23:00:00
PRD38442,74550.72,74,792,2024-03-16 12:00:00
PRD63441,71248.95,67,688,2024-06-19 22:00:00
PRD14480,357619.31,44,485,2024-02-13 08:00:00
PRD72798,64386.04,61,499,2024-01-14 15:00:00
PRD68006,132902.45,60,561,2024-01-14 23:00:00
PRD96869,332829.45,32,27,2024-08-13 01:00:00
PRD52514,137565.22,75,974,2024-03-28 13:00:00
PRD19372,108680.73,47,170,2024-10-14 04:00:00
PRD91124,136720.72,58,323,2024-04-08 18:00:00
PRD39121,487873.32,29,377,2024-08-18 11:00:00
PRD41190,392531.48,50,830,2024-06-21 11:00:00
PRD29467,553066.75,18,261,2024-10-09 17:00:00
PRD79654,415667.53,27,284,2024-05-29 23:00:00
PRD21004,391213.83,51,764,2024-02-20 16:00:00
PRD38340,536353.57,43,947,2024-01-02 01:00:00
PRD70988,76940.15,66,557,2024-01-07 09:00:00
PRD12507,271790.91,52,468,2024-07-01 11:00:00
PRD44160,101209.21,52,46,2024-05-18 14:00:00
PRD63870,285854.26,42,169,2024-07-12 10:00:00
PRD22382,185212.77,68,905,2024-02-24 11:00:00
PRD46917,442210.24,33,365,2024-05-20 10:00:00
PRD81492,34790.61,77,744,2024-07-01 20:00:00
PRD73498,526424.66,34,687,2024-05-11 18:00:00
PRD96184,78297.15,62,595,2024-04-18 06:00:00
PRD13240,49021.05,84,968,2024-04-15 01:00:00
PRD85010,214158.35,63,823,2024-09-24 13:00:00
PRD35573,69002.85,73,796,2024-07-05 17:00:00
PRD64961,331116.19,46,497,2024-07-04 08:00:00
PRD99767,234871.89,56,678,2024-07-09 06:00:00
PRD76869,432795.54,22,103,2024-03-31 19:00:00
PRD41313,132601.23,51,232,2024-10-06 04:00:00
PRD31987,421382.65,36,513,2024-05-31 04:00:00
PRD11491,399643.05,39,596,2024-06-04 01:00:00
PRD60406,296283.51,49,430,2024-02-06 00:00:00
PRD57833,407235.34,47,704,2024-01-20 17:00:00
PRD96108,157934.46,60,613,2024-04-11 03:00:00
PRD73347,29164.02,80,933,2024-04-23 09:00:00
PRD34815,265067.23,46,422,2024-06-08 10:00:00
PRD11195,399829.46,51,969,2024-04-23 13:00:00
PRD66328,103767.88,63,667,2024-04-29 21:00:00
PRD28997,23122.47,64,426,2024-08-12 19:00:00
PRD11725,405164.97,22,65,2024-06-07 21:00:00
PRD42663,117884.9,43,62,2024-02-24 08:00:00
PRD61382,211221.85,51,316,2024-08-23 10:00:00
PRD21118,410465.4,45,697,2024-09-30 10:00:00
PRD35737,376870.89,37,480,2024-01-20 20:00:00
PRD63223,385206.97,27,91,2024-02-13 17:00:00
PRD48532,185566.04,60,652,2024-04-26 22:00:00
PRD40114,616474.33,19,443,2024-09-04 11:00:00
PRD68243,46207.42,59,375,2024-04-24 04:00:00
PRD15974,162832.8,75,1000,2024-08-28 01:00:00
PRD75930,58333.97,65,390,2024-05-05 06:00:00
PRD74671,32984.72,64,504,2024-06-25 11:00:00
PRD58975,433731.17,53,973,2024-06-18 22:00:00
PRD82234,246683.48,61,771,2024-07-21 09:00:00
PRD57517,316406.87,51,836,2024-03-26 14:00:00
PRD31250,357950.91,58,922,2024-08-30 13:00:00
PRD83369,366881.2,45,603,2024-02-24 17:00:00
PRD88386,217109.67,63,929,2024-05-28 22:00:00
PRD72698,183350.35,65,726,2024-05-05 18:00:00
PRD70159,253965.23,35,121,2024-03-17 12:00:00
PRD21487,232963.45,36,88,2024-07-25 18:00:00
PRD12810,4865.12,64,185,2024-02-14 03:00:00
PRD19746,142573.55,50,134,2024-07-04 16:00:00
PRD10966,81899.14,77,862,2024-07-12 07:00:00
PRD91138,201796.81,40,28,2024-01-09 01:00:00
PRD11130,63436.0,60,234,2024-10-07 08:00:00
PRD93432,395156.31,49,878,2024-08-29 18:00:00
PRD10351,57259.43,64,587,2024-08-11 17:00:00
PRD78723,511245.89,33,682,2024-04-04 11:00:00
PRD92598,168559.51,56,370,2024-07-07 16:00:00
PRD15680,155321.54,48,184,2024-05-20 23:00:00
PRD68339,216799.21,49,291,2024-09-27 10:00:00
PRD86432,348291.39,30,146,2024-02-22 21:00:00
PRD33683,221154.31,44,142,2024-10-22 16:00:00
PRD75277,98151.53,63,425,2024-09-15 14:00:00
PRD88895,73547.14,58,292,2024-09-29 10:00:00
PRD41581,189095.08,42,207,2024-04-13 19:00:00
PRD77799,22059.56,52,72,2024-10-14 04:00:00
PRD49776,207863.58,67,881,2024-02-12 18:00:00
PRD54382,386363.73,51,956,2024-05-20 16:00:00
PRD78478,553310.75,30,647,2024-10-26 00:00:00
PRD52476,53691.59,63,540,2024-03-22 04:00:00
PRD90245,336894.09,55,751,2024-02-03 23:00:00
PRD79462,65351.49,61,439,2024-09-03 22:00:00
PRD44060,511307.84,20,154,2024-08-02 18:00:00
PRD39849,617270.41,17,274,2024-01-05 05:00:00
PRD22379,248304.53,53,642,2024-08-14 21:00:00
PRD76790,470979.7,44,866,2024-08-02 17:00:00
PRD52442,162634.67,49,190,2024-09-23 19:00:00
PRD36566,42314.92,69,475,2024-10-12 05:00:00
PRD62722,189179.46,64,733,2024-04-06 09:00:00
PRD49523,129447.15,61,601,2024-05-10 21:00:00
PRD22889,223909.68,41,99,2024-10-21 13:00:00
PRD23446,79024.88,69,603,2024-06-24 09:00:00
PRD95659,61150.68,73,733,2024-03-13 17:00:00
PRD40822,429631.08,24,210,2024-08-28 14:00:00
PRD46039,255732.84,41,211,2024-09-19 10:00:00
PRD26730,141883.33,57,506,2024-02-08 10:00:00
PRD20576,123164.0,53,148,2024-05-31 21:00:00
PRD29084,466438.92,35,410,2024-04-21 12:00:00
PRD58258,131772.85,50,230,2024-05-21 03:00:00
PRD43945,198985.04,64,737,2024-10-20 03:00:00
PRD49374,184557.17,52,492,2024-07-11 00:00:00
PRD87732,129628.28,60,648,2024-04-05 06:00:00
PRD57369,102788.89,64,494,2024-09-17 12:00:00
PRD74413,164857.67,50,259,2024-08-22 19:00:00
PRD41874,386049.11,44,715,2024-02-23 17:00:00
PRD38930,457705.69,44,954,2024-04-24 15:00:00
PRD48382,551854.5,22,455,2024-08-08 18:00:00
PRD89577,329881.0,53,942,2024-04-16 18:00:00
PRD47142,402166.71,50,816,2024-05-05 13:00:00
PRD41780,237148.64,58,624,2024-01-06 19:00:00
PRD13753,365487.88,26,11,2024-07-25 06:00:00
PRD87316,562585.17,7,6,2024-02-12 04:00:00
PRD12159,577768.76,17,359,2024-04-09 19:00:00
PRD15169,37545.99,62,382,2024-02-11 19:00:00
PRD69064,485744.09,43,883,2024-03-30 21:00:00
PRD80561,164891.17,44,217,2024-03-08 15:00:00
PRD82936,167573.99,51,360,2024-08-28 10:00:00
PRD72829,474194.39,20,169,2024-03-17 16:00:00
PRD21012,377122.47,56,922,2024-01-09 19:00:00
PRD66517,344459.23,35,192,2024-03-19 11:00:00
PRD99668,556231.74,16,95,2024-03-31 10:00:00
PRD56576,101195.69,78,978,2024-04-10 16:00:00
PRD98142,106882.05,65,594,2024-04-28 21:00:00
PRD12697,16939.04,56,169,2024-04-27 20:00:00
PRD75290,494491.66,14,0,2024-09-13 09:00:00
PRD81465,120634.82,60,558,2024-08-24 23:00:00
PRD60051,458895.68,34,370,2024-08-14 01:00:00
PRD54891,558859.72,34,635,2024-05-21 16:00:00
PRD29266,36888.82,79,857,2024-08-21 06:00:00
PRD64965,583487.31,25,409,2024-07-10 18:00:00
PRD37347,501694.77,16,105,2024-10-21 20:00:00
PRD21569,473721.38,40,829,2024-05-27 06:00:00
PRD84225,131748.09,72,915,2024-04-26 08:00:00
PRD13998,402044.28,26,17,2024-06-13 19:00:00
PRD55271,412248.07,35,408,2024-04-25 03:00:00
PRD53866,69468.3,57,289,2024-01-17 09:00:00
PRD25752,98695.1,77,901,2024-06-24 18:00:00
PRD95006,19067.63,73,601,2024-10-21 00:00:00
PRD58467,391816.71,39,384,2024-01-29 17:00:00
PRD19745,43389.88,68,688,2024-06-15 21:00:00
PRD21926,42515.4,66,641,2024-02-19 16:00:00
PRD89810,354100.57,59,972,2024-07-28 16:00:00
PRD44135,139016.19,43,33,2024-03-10 18:00:00
PRD31436,101482.27,72,787,2024-08-07 09:00:00
PRD67077,71888.11,80,997,2024-03-07 21:00:00
PRD66760,154960.88,59,685,2024-01-01 11:00:00
PRD91160,380912.91,40,472,2024-05-03 01:00:00
PRD79704,101825.15,61,588,2024-05-17 10:00:00
PRD11082,334651.22,31,192,2024-06-05 02:00:00
PRD96387,152571.48,60,722,2024-02-22 01:00:00
PRD25551,242024.49,41,254,2024-02-02 11:00:00
PRD65437,464937.29,42,650,2024-07-14 09:00:00
PRD16515,69359.36,56,282,2024-05-16 22:00:00
PRD90530,396437.54,45,691,2024-03-18 11:00:00
PRD85406,216128.17,57,635,2024-04-28 16:00:00
PRD64670,472209.26,22,273,2024-08-17 17:00:00
PRD52975,422784.14,29,159,2024-01-25 05:00:00
PRD31031,539847.0,30,503,2024-05-03 06:00:00
PRD11650,82297.51,58,207,2024-10-08 15:00:00
PRD64424,372698.1,30,154,2024-05-04 03:00:00
PRD65528,54982.35,76,908,2024-08-19 11:00:00
PRD64775,113052.0,58,515,2024-02-03 06:00:00
PRD91723,102768.08,65,748,2024-02-07 08:00:00
PRD81067,368344.48,56,852,2024-07-13 18:00:00
PRD85910,74865.79,75,985,2024-05-15 06:00:00
PRD71070,105045.97,53,158,2024-10-09 17:00:00
PRD74804,439994.78,50,843,2024-06-20 04:00:00
PRD44658,502300.34,27,398,2024-10-21 06:00:00
PRD55603,425550.47,30,156,2024-05-12 05:00:00
PRD56008,27459.34,57,106,2024-04-22 16:00:00
PRD17473,299942.51,42,227,2024-02-25 07:00:00
PRD21216,264128.32,39,39,2024-03-29 17:00:00
PRD59509,156510.68,46,191,2024-08-16 13:00:00
PRD49207,428974.14,28,211,2024-08-09 12:00:00
PRD20860,375083.43,36,326,2024-02-16 08:00:00
PRD96259,53747.13,77,784,2024-02-29 04:00:00
PRD98592,127484.61,68,771,2024-07-17 20:00:00
PRD52708,177989.85,40,79,2024-05-28 17:00:00
PRD28345,460300.37,48,909,2024-04-21 04:00:00
PRD32241,55422.7,78,854,2024-02-29 08:00:00
PRD85707,132434.26,61,647,2024-05-08 19:00:00
PRD96161,5355.54,80,905,2024-05-12 16:00:00
PRD89484,41229.77,85,997,2024-10-11 01:00:00
PRD77481,176611.72,70,968,2024-09-05 13:00:00
PRD22240,194639.66,45,76,2024-04-03 03:00:00
PRD73395,187695.7,68,884,2024-02-06 23:00:00
PRD86944,583427.11,34,886,2024-04-19 01:00:00
PRD98337,398676.38,40,607,2024-10-12 22:00:00
PRD30284,539006.25,20,156,2024-07-07 00:00:00
PRD83259,29213.14,76,847,2024-04-15 08:00:00
PRD58971,196856.51,52,333,2024-05-12 04:00:00
PRD15724,496050.79,27,341,2024-08-08 06:00:00
PRD22681,132851.83,56,438,2024-10-20 19:00:00
PRD18548,569400.12,15,185,2024-06-11 00:00:00
PRD16016,332409.07,50,780,2024-05-20 12:00:00
PRD69455,468410.8,30,323,2024-07-19 21:00:00
PRD26961,332374.6,43,433,2024-09-24 02:00:00
PRD12664,117437.91,43,14,2024-03-20 05:00:00
PRD22858,122183.82,64,681,2024-09-07 19:00:00
PRD64738,365632.59,44,721,2024-10-19 14:00:00
PRD91558,212661.77,50,448,2024-09-18 22:00:00
PRD85686,13318.26,73,560,2024-10-05 22:00:00
PRD45994,318594.3,35,104,2024-07-05 18:00:00
PRD42438,206274.0,38,21,2024-02-27 00:00:00
PRD81711,32953.14,74,867,2024-08-08 12:00:00
PRD75413,460938.97,36,623,2024-09-21 07:00:00
PRD68354,262127.97,46,377,2024-09-04 15:00:00
PRD26375,402578.39,48,845,2024-03-29 03:00:00
PRD58637,144955.42,48,234,2024-09-07 03:00:00
PRD67852,213139.38,62,877,2024-09-10 18:00:00
PRD38861,390674.44,41,586,2024-01-31 07:00:00
PRD65234,365281.62,57,968,2024-06-06 19:00:00
PRD65381,14051.86,80,947,2024-03-14 00:00:00
PRD29691,1444.3,69,409,2024-10-22 15:00:00
PRD15928,383626.09,52,941,2024-04-20 16:00:00
PRD10299,170485.36,47,247,2024-07-19 17:00:00
PRD37674,77497.46,51,140,2024-10-25 07:00:00
PRD44993,144484.54,59,667,2024-02-01 04:00:00
PRD97653,86972.17,70,832,2024-08-19 11:00:00
PRD86881,399381.2,45,835,2024-09-11 22:00:00
PRD13973,248154.57,36,137,2024-07-09 08:00:00
PRD23725,82490.28,66,587,2024-10-09 04:00:00
PRD60364,61412.48,60,322,2024-09-14 22:00:00
PRD22848,592760.86,18,319,2024-09-28 13:00:00
PRD43274,338868.6,38,267,2024-06-30 05:00:00
PRD82970,160580.48,53,250,2024-02-14 11:00:00
PRD41820,199546.27,59,727,2024-01-17 00:00:00
PRD51295,511129.08,26,365,2024-04-24 05:00:00
PRD77943,377427.66,53,903,2024-02-06 01:00:00
PRD16693,325943.65,60,978,2024-06-23 17:00:00
PRD20179,544305.33,33,750,2024-02-26 02:00:00
PRD51938,499802.86,40,874,2024-02-20 17:00:00
PRD66354,149844.96,49,69,2024-08-19 01:00:00
PRD29255,556660.99,21,437,2024-08-17 18:00:00
PRD97562,505352.84,42,875,2024-10-16 21:00:00
PRD58771,179155.07,74,962,2024-03-17 23:00:00
PRD99861,298463.24,39,340,2024-05-16 21:00:00
PRD71398,370099.37,46,682,2024-05-18 10:00:00
PRD41978,46116.61,59,302,2024-08-05 06:00:00
PRD13640,231195.59,36,104,2024-09-01 08:00:00
PRD33482,126696.61,69,702,2024-10-20 14:00:00
PRD84147,470724.86,45,788,2024-02-19 11:00:00
PRD65074,554132.34,28,488,2024-09-01 03:00:00
PRD70280,255631.93,55,628,2024-01-17 10:00:00
PRD75862,269629.38,60,898,2024-01-07 18:00:00
PRD11215,302485.64,53,824,2024-02-24 07:00:00
PRD41339,74194.22,58,255,2024-10-17 13:00:00
PRD40814,367379.52,50,814,2024-06-11 08:00:00
PRD13917,248663.38,45,336,2024-03-05 12:00:00
PRD89518,229819.44,49,529,2024-09-11 04:00:00
PRD61226,16295.29,72,693,2024-09-01 01:00:00
PRD26649,187850.98,62,740,2024-03-22 06:00:00
PRD67381,27258.66,66,344,2024-09-24 08:00:00
PRD88626,355481.53,32,92,2024-05-01 00:00:00
PRD54957,184204.44,51,417,2024-06-14 21:00:00
PRD17879,331835.46,59,919,2024-08-18 05:00:00
PRD21461,405539.66,35,348,2024-01-01 12:00:00
PRD31933,394416.99,52,956,2024-10-11 17:00:00
PRD76577,58837.16,56,270,2024-08-03 01:00:00
PRD66762,366618.48,46,558,2024-04-21 05:00:00
PRD20540,139341.14,67,780,2024-07-14 04:00:00
PRD35544,272193.12,53,602,2024-07-22 21:00:00
PRD51868,614602.53,32,822,2024-01-16 01:00:00
PRD98597,272006.71,52,720,2024-01-04 14:00:00
PRD22197,175995.94,57,582,2024-07-21 21:00:00
PRD56800,382904.92,31,312,2024-01-20 10:00:00
PRD33382,234742.65,61,677,2024-05-03 23:00:00
PRD74208,60973.36,72,836,2024-07-26 20:00:00
PRD74527,123132.34,67,705,2024-07-19 14:00:00
PRD59263,90487.7,70,663,2024-08-04 11:00:00
PRD66411,7198.43,84,881,2024-07-21 17:00:00
PRD76526,457498.79,44,686,2024-06-30 02:00:00
PRD34385,374576.34,50,945,2024-08-27 08:00:00
PRD26764,73749.06,68,555,2024-07-18 09:00:00
PRD88656,223662.01,56,768,2024-06-24 11:00:00
PRD36141,307760.4,34,32,2024-07-24 22:00:00
PRD11835,406638.26,35,284,2024-04-06 23:00:00
PRD39009,221941.48,60,793,2024-08-05 22:00:00
PRD78976,363018.1,50,923,2024-04-21 12:00:00
PRD22198,95467.71,49,128,2024-04-03 09:00:00
PRD22973,124247.89,57,430,2024-08-06 08:00:00
PRD60389,533689.86,24,378,2024-04-06 01:00:00
PRD49581,126140.9,51,295,2024-01-23 13:00:00
PRD11454,333417.5,36,142,2024-06-20 06:00:00
PRD30263,119087.38,68,773,2024-08-26 11:00:00
PRD49974,11729.6,71,639,2024-07-01 18:00:00
PRD16879,316786.41,52,758,2024-09-01 20:00:00
PRD72668,257779.8,43,421,2024-10-06 10:00:00
PRD66235,292059.59,38,108,2024-10-12 21:00:00
PRD57299,103715.66,63,526,2024-08-03 04:00:00
PRD62545,50174.47,56,219,2024-07-05 00:00:00
PRD97827,349075.37,40,466,2024-03-28 14:00:00
PRD73210,68609.23,60,246,2024-02-08 22:00:00
PRD33596,483935.18,20,3,2024-06-05 11:00:00
PRD93793,246348.35,53,562,2024-04-08 21:00:00
PRD83865,538081.16,33,605,2024-10-13 06:00:00
PRD63808,115977.43,74,952,2024-02-13 18:00:00
PRD88745,556188.46,10,4,2024-01-17 00:00:00
PRD52604,347875.6,59,984,2024-02-09 07:00:00
PRD99317,314811.88,60,904,2024-06-04 04:00:00
PRD54746,330898.16,37,179,2024-09-21 02:00:00
PRD44971,356715.15,32,27,2024-02-22 07:00:00
PRD78481,332606.0,38,452,2024-05-12 16:00:00
PRD32893,347201.67,26,22,2024-05-21 02:00:00
PRD78450,397831.89,50,985,2024-08-31 04:00:00
PRD33787,349891.06,44,590,2024-05-27 23:00:00
PRD72377,355642.97,46,519,2024-04-08 05:00:00
PRD29243,337152.06,54,836,2024-01-27 00:00:00
PRD28637,301128.26,41,191,2024-02-17 08:00:00
PRD13814,154963.86,55,318,2024-01-22 05:00:00
PRD47145,189186.15,60,697,2024-01-29 22:00:00
PRD88621,578913.95,29,710,2024-04-22 21:00:00
PRD68188,46944.88,74,850,2024-07-22 04:00:00
PRD28030,384346.73,29,196,2024-03-24 19:00:00
PRD88534,394601.54,24,3,2024-01-02 08:00:00
PRD40957,229468.71,64,949,2024-09-03 06:00:00
PRD67372,101104.18,70,864,2024-03-14 08:00:00
PRD21296,391472.85,53,862,2024-09-27 21:00:00
PRD73356,34900.04,64,555,2024-08-27 23:00:00
PRD92437,114297.21,73,784,2024-07-29 21:00:00
PRD13203,270029.24,61,898,2024-05-28 16:00:00
PRD91029,421603.21,52,935,2024-01-02 07:00:00
PRD67140,73792.33,73,807,2024-07-19 00:00:00
PRD95054,371033.55,38,369,2024-10-08 23:00:00
PRD39782,259714.59,57,872,2024-07-13 21:00:00
PRD31439,281796.89,45,467,2024-02-01 08:00:00
PRD71124,7425.87,66,542,2024-01-30 10:00:00
PRD52589,30314.28,77,928,2024-01-30 06:00:00
PRD79457,482673.61,44,850,2024-07-02 08:00:00
PRD57293,113269.07,50,44,2024-06-03 11:00:00
PRD69389,147861.44,59,465,2024-04-14 07:00:00
PRD15916,389706.46,49,943,2024-03-26 02:00:00
PRD44416,102388.46,64,466,2024-05-23 13:00:00
PRD76356,427414.5,30,216,2024-10-11 00:00:00
PRD11177,344777.38,35,119,2024-03-05 03:00:00
PRD34699,275771.37,57,657,2024-04-24 08:00:00
PRD26281,124744.34,70,779,2024-06-12 11:00:00
PRD44432,78203.73,53,137,2024-09-17 02:00:00
PRD10767,142197.46,74,935,2024-01-27 09:00:00
PRD27481,446401.17,52,999,2024-10-03 06:00:00
PRD77782,305572.79,60,970,2024-06-07 15:00:00
PRD14193,378667.67,41,438,2024-07-21 00:00:00
PRD19421,430484.02,42,734,2024-03-30 18:00:00
PRD58353,354768.68,30,135,2024-01-10 17:00:00
PRD15333,130091.86,71,977,2024-05-12 21:00:00
PRD67672,204210.33,51,477,2024-02-28 13:00:00
PRD47470,364454.22,43,591,2024-08-05 23:00:00
PRD22009,433604.62,23,159,2024-05-02 00:00:00
PRD15501,240729.13,40,192,2024-07-27 18:00:00
PRD44386,99638.88,76,841,2024-07-11 11:00:00
PRD29243,217218.8,53,373,2024-02-19 14:00:00
PRD93874,375722.67,27,4,2024-10-05 11:00:00
PRD57059,248439.76,39,181,2024-01-31 17:00:00
PRD60109,265929.63,52,537,2024-04-30 23:00:00
PRD92736,424544.07,22,69,2024-03-15 11:00:00
PRD51557,325947.03,45,482,2024-05-16 12:00:00
PRD36432,286674.18,52,539,2024-03-13 20:00:00
PRD73713,442126.24,30,280,2024-10-21 12:00:00
PRD12234,172101.65,39,28,2024-09-07 15:00:00
PRD19193,331476.08,46,701,2024-03-09 12:00:00
PRD83142,261737.65,55,827,2024-06-13 08:00:00
PRD67931,221129.67,57,764,2024-06-03 19:00:00
PRD77537,135596.6,67,914,2024-08-11 07:00:00
PRD84309,608522.35,25,569,2024-03-23 00:00:00
PRD90122,313492.98,32,124,2024-03-08 14:00:00
PRD13401,79081.55,69,804,2024-07-18 08:00:00
PRD68871,55890.77,51,12,2024-08-07 14:00:00
PRD14976,202375.39,55,591,2024-02-07 07:00:00
PRD52503,169558.52,42,49,2024-07-14 10:00:00
PRD15780,284860.79,42,305,2024-06-07 00:00:00
PRD25334,120982.93,57,347,2024-08-09 23:00:00
PRD10643,336770.42,56,835,2024-03-24 22:00:00
PRD96246,212300.31,59,644,2024-07-25 22:00:00
PRD64548,420686.93,32,236,2024-08-04 23:00:00
PRD25557,124816.84,52,338,2024-09-21 10:00:00
PRD66263,12567.88,57,86,2024-02-26 12:00:00
PRD64355,308842.96,39,190,2024-06-22 06:00:00
PRD41279,457530.24,38,603,2024-09-26 21:00:00
PRD19541,329745.9,37,135,2024-09-30 15:00:00
PRD57169,147319.41,56,452,2024-02-14 19:00:00
PRD84137,328877.26,41,521,2024-06-01 06:00:00
PRD62693,149262.88,77,987,2024-06-22 20:00:00
PRD77842,179347.39,63,780,2024-05-07 00:00:00
PRD27901,425250.15,19,1,2024-04-05 22:00:00
PRD41463,564374.21,42,946,2024-07-25 13:00:00
PRD81582,91486.62,60,382,2024-03-25 17:00:00
PRD86381,7129.83,64,275,2024-09-06 05:00:00
PRD62438,37792.87,80,921,2024-02-20 08:00:00
PRD53998,146701.26,71,940,2024-08-02 19:00:00
PRD99721,44071.53,79,796,2024-03-22 17:00:00
PRD95493,351878.56,36,178,2024-02-02 06:00:00
PRD97559,323338.85,52,612,2024-09-11 10:00:00
PRD81836,106677.49,57,252,2024-09-08 06:00:00
PRD44906,334223.05,38,400,2024-03-04 13:00:00
PRD14410,223714.7,52,639,2024-07-15 12:00:00
PRD35058,101718.56,50,7,2024-06-23 17:00:00
PRD66932,61061.33,51,41,2024-04-04 19:00:00
PRD74044,62864.46,68,580,2024-05-23 12:00:00
PRD79195,194985.15,55,635,2024-06-07 01:00:00
PRD90115,424182.57,28,274,2024-04-30 18:00:00
PRD29621,39029.8,82,897,2024-02-06 05:00:00
PRD18503,397113.24,33,391,2024-09-11 08:00:00
PRD37777,81118.37,52,181,2024-02-22 17:00:00
PRD20360,273460.16,45,238,2024-02-18 12:00:00
PRD21843,341567.53,49,733,2024-08-31 17:00:00
PRD10356,366695.59,40,560,2024-02-18 22:00:00
PRD25879,554574.98,23,361,2024-04-25 10:00:00
PRD12676,9412.07,78,693,2024-01-22 01:00:00
PRD16187,243371.3,56,716,2024-03-02 15:00:00
PRD88599,54383.5,69,677,2024-01-30 17:00:00
PRD17849,159939.69,53,507,2024-04-14 14:00:00
PRD10512,98388.25,64,601,2024-09-10 01:00:00
PRD35678,264001.63,34,104,2024-01-19 23:00:00
PRD39975,407148.1,42,694,2024-04-08 19:00:00
PRD60643,89434.05,57,362,2024-08-19 02:00:00
PRD11693,383048.83,31,163,2024-08-09 22:00:00
PRD72292,206750.56,64,983,2024-03-23 04:00:00
PRD15101,212868.96,43,273,2024-02-18 10:00:00
PRD37066,106439.12,58,475,2024-03-16 05:00:00
PRD64707,140167.34,52,372,2024-07-29 21:00:00
PRD44040,119265.09,73,992,2024-03-22 21:00:00
PRD18287,30387.32,59,127,2024-01-23 02:00:00
PRD40459,238104.99,58,618,2024-06-19 09:00:00
PRD20825,322661.65,48,518,2024-06-09 02:00:00
PRD59479,509919.42,19,221,2024-07-12 11:00:00
PRD88914,596558.98,15,325,2024-10-25 20:00:00
PRD82433,302589.55,48,687,2024-02-01 06:00:00
PRD64764,274402.84,56,724,2024-08-27 17:00:00
PRD70191,80853.91,52,15,2024-05-24 18:00:00
PRD30189,374570.52,41,561,2024-07-21 22:00:00
PRD23835,204216.79,40,129,2024-08-13 20:00:00
PRD61752,445848.55,41,677,2024-01-03 11:00:00
PRD11658,19377.67,58,219,2024-08-22 17:00:00
PRD35747,29396.15,56,234,2024-04-08 12:00:00
PRD33820,145095.45,65,809,2024-07-11 14:00:00
PRD33810,26450.56,58,231,2024-03-31 18:00:00
PRD44063,162265.6,63,593,2024-04-29 20:00:00
PRD35999,291739.04,48,505,2024-04-02 23:00:00
PRD83468,132907.36,70,834,2024-03-01 13:00:00
PRD86754,468605.75,25,91,2024-07-12 15:00:00
PRD57192,387737.86,38,327,2024-08-11 03:00:00
PRD76103,321057.72,59,830,2024-03-27 16:00:00
PRD83597,170803.42,58,625,2024-04-04 10:00:00
PRD99903,92529.46,73,925,2024-08-18 06:00:00
PRD21893,212728.98,63,831,2024-02-06 09:00:00
PRD15980,287742.12,58,821,2024-03-16 03:00:00
PRD72469,196797.29,42,106,2024-09-11 23:00:00
PRD88745,525188.93,40,911,2024-03-28 08:00:00
PRD12842,39793.64,77,842,2024-07-04 14:00:00
PRD40492,242883.2,48,491,2024-07-19 17:00:00
PRD66707,142369.9,51,245,2024-08-24 01:00:00
PRD44692,329539.98,49,657,2024-01-04 16:00:00
PRD32476,229299.27,46,273,2024-02-04 06:00:00
PRD46409,242046.77,62,946,2024-03-20 19:00:00
PRD61198,19423.1,79,948,2024-07-28 14:00:00
PRD70595,296039.98,60,832,2024-09-26 09:00:00
PRD26742,459467.72,18,6,2024-02-12 06:00:00
PRD54783,341674.2,49,576,2024-04-09 00:00:00
PRD79081,45959.11,58,114,2024-07-01 05:00:00
PRD55647,218639.47,51,340,2024-06-22 21:00:00
PRD71700,390106.51,38,327,2024-09-12 22:00:00
PRD33621,344953.38,51,854,2024-05-23 15:00:00
PRD94820,230192.64,61,757,2024-01-28 23:00:00
PRD36469,284635.53,56,741,2024-08-07 19:00:00
PRD27576,342146.76,37,312,2024-06-28 17:00:00
PRD30507,363357.68,52,737,2024-06-08 11:00:00
PRD54966,172787.76,57,468,2024-08-19 19:00:00
PRD22318,424213.02,52,978,2024-01-02 11:00:00
PRD23826,215046.16,66,948,2024-07-11 15:00:00
PRD88916,9489.08,57,33,2024-09-07 22:00:00
PRD20447,229173.04,66,979,2024-04-14 14:00:00
PRD51629,292073.72,41,213,2024-01-16 20:00:00
PRD30274,157569.53,57,625,2024-08-12 13:00:00
PRD54161,315493.69,36,244,2024-07-09 01:00:00
PRD97961,409186.08,42,768,2024-05-29 07:00:00
PRD95754,538520.22,21,151,2024-06-24 10:00:00
PRD89751,170242.3,38,28,2024-04-10 05:00:00
